"time_elapsed","temp"
"00:00:00",3.23
"00:00:01",3.2
"00:00:02",3.13
"00:00:03",3.3
"00:00:04",3.15
"00:00:05",3.27
"00:00:06",3.28
"00:00:06",3.08
"00:00:07",3.19
"00:00:08",3.2
"00:00:09",3.28
"00:00:10",3.22
"00:00:11",3.3
"00:00:11",3.23
"00:00:12",3.2
"00:00:13",3.18
"00:00:14",3.22
"00:00:15",3.24
"00:00:16",3.25
"00:00:16",3.29
"00:00:17",3.29
"00:00:18",3.15
"00:00:19",3.14
"00:00:20",3.25
"00:00:21",3.19
"00:00:21",3.22
"00:00:22",3.07
"00:00:23",3.12
"00:00:24",3.23
"00:00:25",3.25
"00:00:26",3.23
"00:00:26",3.11
"00:00:27",3.21
"00:00:28",3.23
"00:00:29",3.13
"00:00:30",3.22
"00:00:30",3.22
"00:00:31",3.07
"00:00:32",3.35
"00:00:33",3.28
"00:00:34",3.28
"00:00:35",3.12
"00:00:35",3.16
"00:00:36",3.3
"00:00:37",3.25
"00:00:38",3.52
"00:00:39",3.34
"00:00:40",3.27
"00:00:40",3.23
"00:00:41",3.2
"00:00:42",3.15
"00:00:43",3.23
"00:00:44",3.13
"00:00:45",3.13
"00:00:45",3.12
"00:00:46",3.24
"00:00:47",3.27
"00:00:48",3.22
"00:00:49",3.21
"00:00:50",3.02
"00:00:50",3.03
"00:00:51",3.22
"00:00:52",3.24
"00:00:53",3.26
"00:00:54",3.18
"00:00:55",3.24
"00:00:55",3.08
"00:00:56",3.29
"00:00:57",3.18
"00:00:58",3.27
"00:00:59",3.15
"00:00:59",3.18
"00:01:00",3.4
"00:01:01",3.1
"00:01:02",3.14
"00:01:03",3.27
"00:01:04",3.33
"00:01:04",3.08
"00:01:05",3.39
"00:01:06",3.04
"00:01:07",3.23
"00:01:08",3.23
"00:01:09",3.05
"00:01:09",3.26
"00:01:10",3.07
"00:01:11",3.17
"00:01:12",3.28
"00:01:13",3.23
"00:01:14",3.16
"00:01:14",3.12
"00:01:15",3.04
"00:01:16",3.25
"00:01:17",3.28
"00:01:18",3.12
"00:01:19",3.3
"00:01:19",3.17
"00:01:20",3.26
"00:01:21",3.33
"00:01:22",3.14
"00:01:23",3.2
"00:01:23",3.36
"00:01:24",3.27
"00:01:25",3.28
"00:01:26",3.19
"00:01:27",3.21
"00:01:28",3.23
"00:01:28",3.17
"00:01:29",3.25
"00:01:30",3.28
"00:01:31",3.25
"00:01:32",3.22
"00:01:33",3.2
"00:01:33",3.19
"00:01:34",3.18
"00:01:35",3.16
"00:01:36",3.17
"00:01:37",3.27
"00:01:38",3.1
"00:01:38",3.28
"00:01:39",3.21
"00:01:40",3.22
"00:01:41",3.27
"00:01:42",3.22
"00:01:43",3.26
"00:01:43",3.17
"00:01:44",3.24
"00:01:45",3.19
"00:01:46",3.19
"00:01:47",3.27
"00:01:48",3.4
"00:01:48",3.27
"00:01:49",3.27
"00:01:50",3.22
"00:01:51",3.17
"00:01:52",3.19
"00:01:52",3.28
"00:01:53",3.24
"00:01:54",3.2
"00:01:55",3.2
"00:01:56",3.25
"00:01:57",3.21
"00:01:57",3.17
"00:01:58",3.19
"00:01:59",3.04
"00:02:00",3.16
"00:02:01",3.25
"00:02:02",3.23
"00:02:02",3.27
"00:02:03",3.2
"00:02:04",3.24
"00:02:05",3.14
"00:02:06",3.24
"00:02:07",3.23
"00:02:07",3.2
"00:02:08",3.15
"00:02:09",3.11
"00:02:10",3.24
"00:02:11",3.15
"00:02:12",3.18
"00:02:12",3.32
"00:02:13",3.25
"00:02:14",3.05
"00:02:15",3.14
"00:02:16",3.11
"00:02:17",3.39
"00:02:17",3.2
"00:02:18",3.31
"00:02:19",3.4
"00:02:20",3.34
"00:02:21",3.22
"00:02:21",3.17
"00:02:22",3.21
"00:02:23",3.15
"00:02:24",3.13
"00:02:25",3.16
"00:02:26",3.21
"00:02:26",3.21
"00:02:27",3.43
"00:02:28",3.09
"00:02:29",3.34
"00:02:30",3.15
"00:02:31",3.22
"00:02:31",3.26
"00:02:32",3.55
"00:02:33",3.33
"00:02:34",3.05
"00:02:35",3.27
"00:02:36",3.02
"00:02:36",3.19
"00:02:37",3.27
"00:02:38",3.12
"00:02:39",3.11
"00:02:40",3.11
"00:02:41",3.23
"00:02:41",3.09
"00:02:42",3.22
"00:02:43",3.02
"00:02:44",3.48
"00:02:45",3.16
"00:02:45",3.18
"00:02:46",3.28
"00:02:47",3.1
"00:02:48",3.12
"00:02:49",3.26
"00:02:50",3.26
"00:02:50",3.16
"00:02:51",3.02
"00:02:52",3.22
"00:02:53",3.36
"00:02:54",3.36
"00:02:55",3.34
"00:02:55",3.3
"00:02:56",3.43
"00:02:57",3.17
"00:02:58",3.25
"00:02:59",3.38
"00:03:00",3.29
"00:03:00",3.15
"00:03:01",3.22
"00:03:02",3.24
"00:03:03",3.24
"00:03:04",3.12
"00:03:05",3.34
"00:03:05",3.26
"00:03:06",3.34
"00:03:07",3.28
"00:03:08",3.37
"00:03:09",3.25
"00:03:10",3.23
"00:03:10",3.36
"00:03:11",3.18
"00:03:12",3.39
"00:03:13",3.29
"00:03:14",3.22
"00:03:14",3.27
"00:03:15",3.1
"00:03:16",3.18
"00:03:17",3.09
"00:03:18",3.23
"00:03:19",3.22
"00:03:19",3.11
"00:03:20",3.13
"00:03:21",3.25
"00:03:22",3.21
"00:03:23",3.36
"00:03:24",3.2
"00:03:24",3.27
"00:03:25",3.16
"00:03:26",3.36
"00:03:27",3.47
"00:03:28",3.13
"00:03:29",3.32
"00:03:29",3.16
"00:03:30",3.34
"00:03:31",3.56
"00:03:32",3.15
"00:03:33",3.15
"00:03:34",3.22
"00:03:34",3.19
"00:03:35",3.37
"00:03:36",2.94
"00:03:37",3.24
"00:03:38",3.22
"00:03:38",3.3
"00:03:39",3.15
"00:03:40",3.23
"00:03:41",3.23
"00:03:42",3.28
"00:03:43",3.25
"00:03:43",3.35
"00:03:44",3.22
"00:03:45",3.15
"00:03:46",3.18
"00:03:47",3.34
"00:03:48",3.15
"00:03:48",3.25
"00:03:49",3.2
"00:03:50",3.3
"00:03:51",3.42
"00:03:52",3.21
"00:03:53",3.12
"00:03:53",3.29
"00:03:54",3.29
"00:03:55",3.27
"00:03:56",3.42
"00:03:57",3.07
"00:03:58",3.35
"00:03:58",3.18
"00:03:59",3.23
"00:04:00",3.32
"00:04:01",3.37
"00:04:02",3.26
"00:04:03",3.2
"00:04:03",3.12
"00:04:04",3.04
"00:04:05",3.3
"00:04:06",3.23
"00:04:07",3.29
"00:04:07",3.26
"00:04:08",3.26
"00:04:09",3.41
"00:04:10",3.33
"00:04:11",3.38
"00:04:12",3.05
"00:04:12",3.28
"00:04:13",3.29
"00:04:14",3.33
"00:04:15",3.34
"00:04:16",3.13
"00:04:17",3.2
"00:04:17",3.27
"00:04:18",3.26
"00:04:19",3.27
"00:04:20",3.26
"00:04:21",3.41
"00:04:22",3.12
"00:04:22",3.14
"00:04:23",3.26
"00:04:24",3.33
"00:04:25",3.28
"00:04:26",3.26
"00:04:27",3.35
"00:04:27",3.27
"00:04:28",3.12
"00:04:29",3.39
"00:04:30",3.31
"00:04:31",3.31
"00:04:31",3.17
"00:04:32",3.38
"00:04:33",3.28
"00:04:34",3.31
"00:04:35",3.37
"00:04:36",3.39
"00:04:36",3.28
"00:04:37",3.3
"00:04:38",3.28
"00:04:39",3.29
"00:04:40",3.26
"00:04:41",2.92
"00:04:41",3.34
"00:04:42",3.22
"00:04:43",3.32
"00:04:44",3.24
"00:04:45",3.24
"00:04:46",3.25
"00:04:46",3.38
"00:04:47",3.27
"00:04:48",3.2
"00:04:49",3.28
"00:04:50",3.19
"00:04:51",3.22
"00:04:51",3.13
"00:04:52",3.25
"00:04:53",3.18
"00:04:54",3.37
"00:04:55",3.37
"00:04:56",3.18
"00:04:56",3.24
"00:04:57",3.22
"00:04:58",3.46
"00:04:59",3.51
"00:05:00",3.45
"00:05:00",3.06
"00:05:01",3.45
"00:05:02",3.28
"00:05:03",3.25
"00:05:04",3.18
"00:05:05",3.39
"00:05:05",3.35
"00:05:06",3.21
"00:05:07",3.01
"00:05:08",3.29
"00:05:09",3.29
"00:05:10",3.39
"00:05:10",3.04
"00:05:11",3.25
"00:05:12",3.21
"00:05:13",3.25
"00:05:14",3.45
"00:05:15",3.42
"00:05:15",3.03
"00:05:16",3.26
"00:05:17",3.4
"00:05:18",3.35
"00:05:19",3.17
"00:05:20",3.23
"00:05:20",3.44
"00:05:21",3.66
"00:05:22",3.58
"00:05:23",3.52
"00:05:24",3.2
"00:05:25",3.01
"00:05:25",3.2
"00:05:26",3.22
"00:05:27",3.44
"00:05:28",3.31
"00:05:29",3.23
"00:05:29",3.08
"00:05:30",3.28
"00:05:31",3.35
"00:05:32",3.31
"00:05:33",2.96
"00:05:34",3.24
"00:05:34",3.3
"00:05:35",3.22
"00:05:36",3.23
"00:05:37",3.15
"00:05:38",3.4
"00:05:39",3.27
"00:05:39",3.14
"00:05:40",3.09
"00:05:41",3.34
"00:05:42",3.3
"00:05:43",3.24
"00:05:44",3.32
"00:05:44",3.18
"00:05:45",3.38
"00:05:46",3.37
"00:05:47",3.23
"00:05:48",3.26
"00:05:49",3.25
"00:05:49",3.48
"00:05:50",3.31
"00:05:51",3.34
"00:05:52",3.18
"00:05:53",3.2
"00:05:53",3.34
"00:05:54",3.27
"00:05:55",3.42
"00:05:56",3.18
"00:05:57",3.17
"00:05:58",3.34
"00:05:58",3.11
"00:05:59",3.3
"00:06:00",3.22
"00:06:01",3.27
"00:06:02",3.44
"00:06:03",3.2
"00:06:03",3.21
"00:06:04",3.32
"00:06:05",3.27
"00:06:06",3.13
"00:06:07",3.32
"00:06:08",3.2
"00:06:08",3.21
"00:06:09",3.51
"00:06:10",3.38
"00:06:11",3.16
"00:06:12",3.24
"00:06:13",3.46
"00:06:13",3.26
"00:06:14",3.3
"00:06:15",3.27
"00:06:16",3.3
"00:06:17",3.3
"00:06:18",3.25
"00:06:18",3.16
"00:06:19",3.23
"00:06:20",3.52
"00:06:21",3.22
"00:06:22",3.36
"00:06:22",3.23
"00:06:23",3.34
"00:06:24",3.22
"00:06:25",3.33
"00:06:26",3.3
"00:06:27",3.32
"00:06:27",3.04
"00:06:28",3.38
"00:06:29",3.17
"00:06:30",3.25
"00:06:31",3.26
"00:06:32",3.38
"00:06:32",3.34
"00:06:33",3.28
"00:06:34",3.4
"00:06:35",3.34
"00:06:36",3.31
"00:06:37",3.16
"00:06:37",3.25
"00:06:38",3.24
"00:06:39",3.33
"00:06:40",3.14
"00:06:41",3.28
"00:06:42",3.39
"00:06:42",3.2
"00:06:43",3.3
"00:06:44",3.25
"00:06:45",3.34
"00:06:46",3.15
"00:06:47",3.26
"00:06:47",3.34
"00:06:48",3.19
"00:06:49",3.45
"00:06:50",3.24
"00:06:51",3.26
"00:06:51",3.22
"00:06:52",3.45
"00:06:53",3.33
"00:06:54",3.19
"00:06:55",3.24
"00:06:56",3.43
"00:06:56",3.2
"00:06:57",3.14
"00:06:58",3.11
"00:06:59",3.4
"00:07:00",3.25
"00:07:01",3.21
"00:07:01",3.15
"00:07:02",3.33
"00:07:03",3.36
"00:07:04",3.53
"00:07:05",3.14
"00:07:06",3.49
"00:07:06",3.34
"00:07:07",3.26
"00:07:08",3.28
"00:07:09",3.31
"00:07:10",3.38
"00:07:11",3.35
"00:07:11",3.26
"00:07:12",3.53
"00:07:13",3.24
"00:07:14",3.48
"00:07:15",3.32
"00:07:15",3.15
"00:07:16",3.26
"00:07:17",3.3
"00:07:18",3.43
"00:07:19",3.13
"00:07:20",3.24
"00:07:20",3.34
"00:07:21",3.22
"00:07:22",3.33
"00:07:23",3.42
"00:07:24",3.35
"00:07:25",3.44
"00:07:25",3.04
"00:07:26",3.15
"00:07:27",3.47
"00:07:28",3.41
"00:07:29",3.36
"00:07:30",3.28
"00:07:30",3.09
"00:07:31",3.21
"00:07:32",3.51
"00:07:33",3.4
"00:07:34",3.24
"00:07:35",3.32
"00:07:35",3.4
"00:07:36",3.15
"00:07:37",3.25
"00:07:38",3.27
"00:07:39",3.11
"00:07:39",3.31
"00:07:40",3.31
"00:07:41",3.3
"00:07:42",3.29
"00:07:43",3.18
"00:07:44",3.51
"00:07:44",3.29
"00:07:45",3.44
"00:07:46",3.19
"00:07:47",3.34
"00:07:48",3.33
"00:07:49",3.31
"00:07:49",3.28
"00:07:50",3.21
"00:07:51",3.23
"00:07:52",3.36
"00:07:53",3.3
"00:07:54",3.23
"00:07:54",3.43
"00:07:55",3.42
"00:07:56",3.34
"00:07:57",3.14
"00:07:58",3.26
"00:07:59",3.57
"00:07:59",3.44
"00:08:00",3.4
"00:08:01",3.12
"00:08:02",3.23
"00:08:03",3.3
"00:08:04",3.42
"00:08:04",3.43
"00:08:05",3.37
"00:08:06",3.3
"00:08:07",3.32
"00:08:08",3.41
"00:08:08",3.23
"00:08:09",3.32
"00:08:10",3.36
"00:08:11",3.38
"00:08:12",3.43
"00:08:13",3.29
"00:08:13",3.57
"00:08:14",3.43
"00:08:15",3.14
"00:08:16",3.17
"00:08:17",3.3
"00:08:18",3.37
"00:08:18",3.34
"00:08:19",3.17
"00:08:20",3.13
"00:08:21",3.07
"00:08:22",3.28
"00:08:23",3.4
"00:08:23",3.28
"00:08:24",3.3
"00:08:25",3.4
"00:08:26",3.4
"00:08:27",3.36
"00:08:28",3.31
"00:08:28",3.43
"00:08:29",3.31
"00:08:30",3.19
"00:08:31",3.44
"00:08:32",3.33
"00:08:33",3.2
"00:08:33",3.28
"00:08:34",3.33
"00:08:35",3.23
"00:08:36",3.25
"00:08:37",3.19
"00:08:37",3.32
"00:08:38",3.32
"00:08:39",3.42
"00:08:40",3.15
"00:08:41",3.34
"00:08:42",3.36
"00:08:42",3.42
"00:08:43",3.21
"00:08:44",3.42
"00:08:45",3.2
"00:08:46",3.27
"00:08:47",3.31
"00:08:47",3.48
"00:08:48",3.36
"00:08:49",3.33
"00:08:50",3.14
"00:08:51",3.26
"00:08:52",3.37
"00:08:52",3.32
"00:08:53",3.48
"00:08:54",3.25
"00:08:55",3.15
"00:08:56",3.33
"00:08:57",3.36
"00:08:57",3.15
"00:08:58",3.19
"00:08:59",3.15
"00:09:00",3.17
"00:09:01",3.28
"00:09:01",3.45
"00:09:02",3.17
"00:09:03",3.27
"00:09:04",3.33
"00:09:05",3.3
"00:09:06",3.31
"00:09:06",3.52
"00:09:07",3.31
"00:09:08",3.45
"00:09:09",3.23
"00:09:10",3.43
"00:09:11",3.13
"00:09:11",3.4
"00:09:12",3.39
"00:09:13",3.29
"00:09:14",3.41
"00:09:15",3.18
"00:09:16",3.22
"00:09:16",3.1
"00:09:17",3.29
"00:09:18",3.36
"00:09:19",3.33
"00:09:20",3.35
"00:09:21",3.31
"00:09:21",3.43
"00:09:22",3.33
"00:09:23",3.2
"00:09:24",3.33
"00:09:25",3.3
"00:09:26",3.44
"00:09:26",3.19
"00:09:27",3.17
"00:09:28",3.38
"00:09:29",3.62
"00:09:30",3.2
"00:09:30",3.27
"00:09:31",3.4
"00:09:32",3.23
"00:09:33",3.59
"00:09:34",3.36
"00:09:35",3.34
"00:09:35",3.22
"00:09:36",3.19
"00:09:37",3.32
"00:09:38",3.3
"00:09:39",3.27
"00:09:40",3.41
"00:09:40",3.36
"00:09:41",3.29
"00:09:42",3.45
"00:09:43",3.22
"00:09:44",3.25
"00:09:45",3.28
"00:09:45",3.36
"00:09:46",3.15
"00:09:47",3.16
"00:09:48",3.29
"00:09:49",3.31
"00:09:50",3.44
"00:09:50",3.33
"00:09:51",3.15
"00:09:52",3.54
"00:09:53",3.54
"00:09:54",3.46
"00:09:54",3.56
"00:09:55",3.34
"00:09:56",3.33
"00:09:57",3.16
"00:09:58",3.3
"00:09:59",3.34
"00:09:59",3.29
"00:10:00",3.14
"00:10:01",3.61
"00:10:02",3.36
"00:10:03",3.4
"00:10:04",3.36
"00:10:04",3.43
"00:10:05",3.35
"00:10:06",3.47
"00:10:07",3.47
"00:10:08",3.38
"00:10:09",3.18
"00:10:09",3.32
"00:10:10",3.18
"00:10:11",3.42
"00:10:12",3.38
"00:10:13",3.22
"00:10:14",3.22
"00:10:14",3.38
"00:10:15",3.37
"00:10:16",3.25
"00:10:17",3.4
"00:10:18",3.33
"00:10:19",3.21
"00:10:19",3.41
"00:10:20",3.48
"00:10:21",3.24
"00:10:22",3.36
"00:10:23",3.33
"00:10:23",3.19
"00:10:24",3.37
"00:10:25",3.37
"00:10:26",3.36
"00:10:27",3.23
"00:10:28",3.41
"00:10:28",3.34
"00:10:29",3.44
"00:10:30",3.56
"00:10:31",3.31
"00:10:32",3.41
"00:10:33",3.43
"00:10:33",3.44
"00:10:34",3.53
"00:10:35",3.39
"00:10:36",3.33
"00:10:37",3.14
"00:10:38",3.41
"00:10:38",3.47
"00:10:39",3.45
"00:10:40",3.5
"00:10:41",3.24
"00:10:42",3.39
"00:10:43",3.32
"00:10:43",3.37
"00:10:44",3.3
"00:10:45",3.31
"00:10:46",3.49
"00:10:47",3.46
"00:10:47",3.48
"00:10:48",3.56
"00:10:49",3.45
"00:10:50",3.33
"00:10:51",3.34
"00:10:52",3.39
"00:10:52",3.56
"00:10:53",3.2
"00:10:54",3.3
"00:10:55",3.26
"00:10:56",3.46
"00:10:57",3.24
"00:10:57",3.3
"00:10:58",3.36
"00:10:59",3.22
"00:11:00",3.44
"00:11:01",3.52
"00:11:02",3.33
"00:11:02",3.33
"00:11:03",3.37
"00:11:04",3.32
"00:11:05",3.27
"00:11:06",3.5
"00:11:07",3.27
"00:11:07",3.26
"00:11:08",3.15
"00:11:09",3.53
"00:11:10",3.3
"00:11:11",3.3
"00:11:12",3.2
"00:11:12",3.3
"00:11:13",3.46
"00:11:14",3.4
"00:11:15",3.33
"00:11:16",3.41
"00:11:16",3.54
"00:11:17",3.54
"00:11:18",3.26
"00:11:19",3.33
"00:11:20",3.49
"00:11:21",3.38
"00:11:21",3.42
"00:11:22",3.13
"00:11:23",3.26
"00:11:24",3.55
"00:11:25",3.28
"00:11:26",3.26
"00:11:26",3.4
"00:11:27",3.42
"00:11:28",3.36
"00:11:29",3.39
"00:11:30",3.47
"00:11:31",3.41
"00:11:31",3.53
"00:11:32",3.16
"00:11:33",3.36
"00:11:34",3.39
"00:11:35",3.41
"00:11:36",3.51
"00:11:36",3.5
"00:11:37",3.3
"00:11:38",3.34
"00:11:39",3.42
"00:11:40",3.61
"00:11:40",3.47
"00:11:41",3.58
"00:11:42",3.4
"00:11:43",3.21
"00:11:44",3.48
"00:11:45",3.41
"00:11:45",3.34
"00:11:46",3.28
"00:11:47",3.44
"00:11:48",3.31
"00:11:49",3.44
"00:11:50",3.34
"00:11:50",3.34
"00:11:51",3.21
"00:11:52",3.36
"00:11:53",3.23
"00:11:54",3.37
"00:11:55",3.33
"00:11:55",3.31
"00:11:56",3.44
"00:11:57",3.45
"00:11:58",3.33
"00:11:59",3.29
"00:12:00",3.51
"00:12:00",3.29
"00:12:01",3.2
"00:12:02",3.36
"00:12:03",3.1
"00:12:04",3.33
"00:12:05",3.33
"00:12:05",3.38
"00:12:06",3.22
"00:12:07",3.46
"00:12:08",3.26
"00:12:09",3.28
"00:12:09",3.43
"00:12:10",3.37
"00:12:11",3.29
"00:12:12",3.23
"00:12:13",3.44
"00:12:14",3.21
"00:12:14",3.31
"00:12:15",3.55
"00:12:16",3.3
"00:12:17",3.62
"00:12:18",3.32
"00:12:19",3.26
"00:12:19",3.43
"00:12:20",3.4
"00:12:21",3.31
"00:12:22",3.36
"00:12:23",3.41
"00:12:24",3.6
"00:12:24",3.46
"00:12:25",3.31
"00:12:26",3.44
"00:12:27",3.44
"00:12:28",3.44
"00:12:29",3.41
"00:12:29",3.4
"00:12:30",3.29
"00:12:31",3.22
"00:12:32",3.42
"00:12:33",3.42
"00:12:33",3.16
"00:12:34",3.37
"00:12:35",3.26
"00:12:36",3.38
"00:12:37",3.42
"00:12:38",3.21
"00:12:38",3.04
"00:12:39",3.31
"00:12:40",3.46
"00:12:41",3.34
"00:12:42",3.44
"00:12:43",3.3
"00:12:43",3.37
"00:12:44",3.46
"00:12:45",3.32
"00:12:46",3.56
"00:12:47",3.29
"00:12:48",3.36
"00:12:48",3.3
"00:12:49",3.37
"00:12:50",3.39
"00:12:51",3.44
"00:12:52",3.12
"00:12:53",3.35
"00:12:53",3.43
"00:12:54",3.4
"00:12:55",3.34
"00:12:56",3.39
"00:12:57",3.37
"00:12:58",3.41
"00:12:58",3.43
"00:12:59",3.42
"00:13:00",3.27
"00:13:01",3.38
"00:13:02",3.37
"00:13:02",3.44
"00:13:03",3.43
"00:13:04",3.39
"00:13:05",3.34
"00:13:06",3.37
"00:13:07",3.34
"00:13:07",3.28
"00:13:08",3.4
"00:13:09",3.48
"00:13:10",3.45
"00:13:11",3.33
"00:13:12",3.4
"00:13:12",3.39
"00:13:13",3.41
"00:13:14",3.5
"00:13:15",3.21
"00:13:16",3.54
"00:13:17",3.4
"00:13:17",3.3
"00:13:18",3.44
"00:13:19",3.37
"00:13:20",3.33
"00:13:21",3.32
"00:13:22",3.35
"00:13:22",3.3
"00:13:23",3.25
"00:13:24",3.54
"00:13:25",3.27
"00:13:26",3.44
"00:13:26",3.57
"00:13:27",3.43
"00:13:28",3.55
"00:13:29",3.26
"00:13:30",3.31
"00:13:31",3.34
"00:13:31",3.43
"00:13:32",3.36
"00:13:33",3.41
"00:13:34",3.25
"00:13:35",3.52
"00:13:36",3.5
"00:13:36",3.43
"00:13:37",3.48
"00:13:38",3.5
"00:13:39",3.48
"00:13:40",3.27
"00:13:41",3.31
"00:13:41",3.6
"00:13:42",3.51
"00:13:43",3.31
"00:13:44",3.47
"00:13:45",3.67
"00:13:46",3.46
"00:13:46",3.52
"00:13:47",3.38
"00:13:48",3.44
"00:13:49",3.4
"00:13:50",3.43
"00:13:51",3.44
"00:13:51",3.28
"00:13:52",3.54
"00:13:53",3.19
"00:13:54",3.35
"00:13:55",3.25
"00:13:55",3.31
"00:13:56",3.38
"00:13:57",3.36
"00:13:58",3.36
"00:13:59",3.41
"00:14:00",3.38
"00:14:00",3.12
"00:14:01",3.38
"00:14:02",3.44
"00:14:03",3.48
"00:14:04",3.29
"00:14:05",3.47
"00:14:05",3.44
"00:14:06",3.33
"00:14:07",3.43
"00:14:08",3.43
"00:14:09",3.5
"00:14:10",3.37
"00:14:10",3.5
"00:14:11",3.45
"00:14:12",3.55
"00:14:13",3.48
"00:14:14",3.56
"00:14:15",3.39
"00:14:15",3.52
"00:14:16",3.36
"00:14:17",3.34
"00:14:18",3.4
"00:14:19",3.44
"00:14:20",3.45
"00:14:20",3.49
"00:14:21",3.47
"00:14:22",3.59
"00:14:23",3.5
"00:14:24",3.21
"00:14:24",3.65
"00:14:25",3.49
"00:14:26",3.44
"00:14:27",3.46
"00:14:28",3.34
"00:14:29",3.37
"00:14:29",3.36
"00:14:30",3.32
"00:14:31",3.49
"00:14:32",3.5
"00:14:33",3.38
"00:14:34",3.37
"00:14:34",3.29
"00:14:35",3.34
"00:14:36",3.55
"00:14:37",3.29
"00:14:38",3.15
"00:14:39",3.42
"00:14:39",3.72
"00:14:40",3.42
"00:14:41",3.47
"00:14:42",3.29
"00:14:43",3.38
"00:14:44",3.27
"00:14:44",3.54
"00:14:45",3.31
"00:14:46",3.61
"00:14:47",3.34
"00:14:48",3.3
"00:14:48",3.58
"00:14:49",3.39
"00:14:50",3.36
"00:14:51",3.4
"00:14:52",3.3
"00:14:53",3.19
"00:14:53",3.3
"00:14:54",3.46
"00:14:55",3.37
"00:14:56",3.52
"00:14:57",3.55
"00:14:58",3.46
"00:14:58",3.3
"00:14:59",3.5
"00:15:00",3.41
"00:15:01",3.24
"00:15:02",3.16
"00:15:03",3.36
"00:15:03",3.22
"00:15:04",3.21
"00:15:05",3.53
"00:15:06",3.56
"00:15:07",3.36
"00:15:08",3.33
"00:15:08",3.45
"00:15:09",3.48
"00:15:10",3.5
"00:15:11",3.43
"00:15:12",3.46
"00:15:13",3.26
"00:15:13",3.47
"00:15:14",3.49
"00:15:15",3.5
"00:15:16",3.67
"00:15:17",3.37
"00:15:17",3.48
"00:15:18",3.37
"00:15:19",3.51
"00:15:20",3.34
"00:15:21",3.21
"00:15:22",3.64
"00:15:22",3.29
"00:15:23",3.61
"00:15:24",3.37
"00:15:25",3.39
"00:15:26",3.37
"00:15:27",3.5
"00:15:27",3.43
"00:15:28",3.29
"00:15:29",3.35
"00:15:30",3.28
"00:15:31",3.4
"00:15:32",3.52
"00:15:32",3.61
"00:15:33",3.41
"00:15:34",3.42
"00:15:35",3.23
"00:15:36",3.54
"00:15:37",3.4
"00:15:37",3.71
"00:15:38",3.31
"00:15:39",3.35
"00:15:40",3.24
"00:15:41",3.47
"00:15:41",3.48
"00:15:42",3.3
"00:15:43",3.56
"00:15:44",3.36
"00:15:45",3.37
"00:15:46",3.39
"00:15:46",3.54
"00:15:47",3.48
"00:15:48",3.36
"00:15:49",3.56
"00:15:50",3.34
"00:15:51",3.36
"00:15:51",3.45
"00:15:52",3.44
"00:15:53",3.31
"00:15:54",3.34
"00:15:55",3.51
"00:15:56",3.41
"00:15:56",3.5
"00:15:57",3.38
"00:15:58",3.38
"00:15:59",3.4
"00:16:00",3.58
"00:16:01",3.41
"00:16:01",3.35
"00:16:02",3.32
"00:16:03",3.41
"00:16:04",3.45
"00:16:05",3.39
"00:16:06",3.27
"00:16:06",3.2
"00:16:07",3.42
"00:16:08",3.4
"00:16:09",3.35
"00:16:10",3.5
"00:16:10",3.38
"00:16:11",3.56
"00:16:12",3.45
"00:16:13",3.23
"00:16:14",3.42
"00:16:15",3.55
"00:16:15",3.59
"00:16:16",3.35
"00:16:17",3.39
"00:16:18",3.51
"00:16:19",3.21
"00:16:20",3.57
"00:16:20",3.13
"00:16:21",3.58
"00:16:22",3.44
"00:16:23",3.39
"00:16:24",3.64
"00:16:25",3.43
"00:16:25",3.46
"00:16:26",3.62
"00:16:27",3.43
"00:16:28",3.42
"00:16:29",3.61
"00:16:30",3.46
"00:16:30",3.58
"00:16:31",3.6
"00:16:32",3.59
"00:16:33",3.21
"00:16:34",3.38
"00:16:35",3.38
"00:16:35",3.67
"00:16:36",3.47
"00:16:37",3.6
"00:16:38",3.54
"00:16:39",3.28
"00:16:39",3.52
"00:16:40",3.41
"00:16:41",3.23
"00:16:42",3.36
"00:16:43",3.38
"00:16:44",3.56
"00:16:44",3.33
"00:16:45",3.39
"00:16:46",3.45
"00:16:47",3.28
"00:16:48",3.44
"00:16:49",3.59
"00:16:49",3.49
"00:16:50",3.44
"00:16:51",3.38
"00:16:52",3.26
"00:16:53",3.51
"00:16:54",3.54
"00:16:54",3.55
"00:16:55",3.34
"00:16:56",3.64
"00:16:57",3.53
"00:16:58",3.43
"00:16:59",3.13
"00:16:59",3.29
"00:17:00",3.37
"00:17:01",3.57
"00:17:02",3.42
"00:17:03",3.33
"00:17:03",3.37
"00:17:04",3.45
"00:17:05",3.32
"00:17:06",3.43
"00:17:07",3.61
"00:17:08",3.56
"00:17:08",3.45
"00:17:09",3.53
"00:17:10",3.55
"00:17:11",3.34
"00:17:12",3.28
"00:17:13",3.38
"00:17:13",3.39
"00:17:14",3.55
"00:17:15",3.36
"00:17:16",3.55
"00:17:17",3.55
"00:17:18",3.53
"00:17:18",3.4
"00:17:19",3.47
"00:17:20",3.61
"00:17:21",3.55
"00:17:22",3.39
"00:17:23",3.38
"00:17:23",3.6
"00:17:24",3.63
"00:17:25",3.56
"00:17:26",3.71
"00:17:27",3.61
"00:17:28",3.5
"00:17:28",3.54
"00:17:29",3.33
"00:17:30",3.43
"00:17:31",3.57
"00:17:32",3.5
"00:17:32",3.53
"00:17:33",3.28
"00:17:34",3.52
"00:17:35",3.47
"00:17:36",3.48
"00:17:37",3.39
"00:17:37",3.68
"00:17:38",3.45
"00:17:39",3.26
"00:17:40",3.48
"00:17:41",3.19
"00:17:42",3.64
"00:17:42",3.39
"00:17:43",3.24
"00:17:44",3.6
"00:17:45",3.54
"00:17:46",3.61
"00:17:47",3.64
"00:17:47",3.43
"00:17:48",3.35
"00:17:49",3.48
"00:17:50",3.29
"00:17:51",3.44
"00:17:52",3.36
"00:17:52",3.48
"00:17:53",3.23
"00:17:54",3.64
"00:17:55",3.34
"00:17:56",3.57
"00:17:56",3.42
"00:17:57",3.36
"00:17:58",3.3
"00:17:59",3.72
"00:18:00",3.38
"00:18:01",3.73
"00:18:01",3.58
"00:18:02",3.36
"00:18:03",3.63
"00:18:04",3.31
"00:18:05",3.31
"00:18:06",3.3
"00:18:06",3.35
"00:18:07",3.37
"00:18:08",3.33
"00:18:09",3.66
"00:18:10",3.54
"00:18:11",3.38
"00:18:11",3.28
"00:18:12",3.3
"00:18:13",3.53
"00:18:14",3.42
"00:18:15",3.32
"00:18:16",3.47
"00:18:16",3.42
"00:18:17",3.4
"00:18:18",3.41
"00:18:19",3.28
"00:18:20",3.75
"00:18:21",3.28
"00:18:21",3.28
"00:18:22",3.51
"00:18:23",3.65
"00:18:24",3.34
"00:18:25",3.31
"00:18:25",3.46
"00:18:26",3.43
"00:18:27",3.35
"00:18:28",3.6
"00:18:29",3.63
"00:18:30",3.53
"00:18:30",3.56
"00:18:31",3.45
"00:18:32",3.35
"00:18:33",3.71
"00:18:34",3.52
"00:18:35",3.61
"00:18:35",3.49
"00:18:36",3.37
"00:18:37",3.59
"00:18:38",3.59
"00:18:39",3.6
"00:18:40",3.23
"00:18:40",3.49
"00:18:41",3.37
"00:18:42",3.32
"00:18:43",3.48
"00:18:44",3.51
"00:18:45",3.52
"00:18:45",3.54
"00:18:46",3.4
"00:18:47",3.36
"00:18:48",3.47
"00:18:49",3.38
"00:18:49",3.48
"00:18:50",3.32
"00:18:51",3.47
"00:18:52",3.7
"00:18:53",3.5
"00:18:54",3.44
"00:18:54",3.5
"00:18:55",3.4
"00:18:56",3.47
"00:18:57",3.41
"00:18:58",3.29
"00:18:59",3.53
"00:18:59",3.52
"00:19:00",3.34
"00:19:01",3.31
"00:19:02",3.75
"00:19:03",3.66
"00:19:04",3.42
"00:19:04",3.56
"00:19:05",3.35
"00:19:06",3.32
"00:19:07",3.5
"00:19:08",3.28
"00:19:09",3.68
"00:19:09",3.54
"00:19:10",3.56
"00:19:11",3.39
"00:19:12",3.39
"00:19:13",3.49
"00:19:14",3.41
"00:19:14",3.34
"00:19:15",3.52
"00:19:16",3.45
"00:19:17",3.52
"00:19:18",3.54
"00:19:18",3.4
"00:19:19",3.4
"00:19:20",3.63
"00:19:21",3.52
"00:19:22",3.55
"00:19:23",3.39
"00:19:23",3.35
"00:19:24",3.34
"00:19:25",3.82
"00:19:26",3.38
"00:19:27",3.27
"00:19:28",3.52
"00:19:28",3.53
"00:19:29",3.43
"00:19:30",3.56
"00:19:31",3.32
"00:19:32",3.46
"00:19:33",3.41
"00:19:33",3.55
"00:19:34",3.51
"00:19:35",3.4
"00:19:36",3.51
"00:19:37",3.31
"00:19:38",3.3
"00:19:38",3.31
"00:19:39",3.32
"00:19:40",3.44
"00:19:41",3.62
"00:19:42",3.58
"00:19:43",3.48
"00:19:43",3.53
"00:19:44",3.42
"00:19:45",3.17
"00:19:46",3.35
"00:19:47",3.53
"00:19:47",3.57
"00:19:48",3.44
"00:19:49",3.57
"00:19:50",3.48
"00:19:51",3.55
"00:19:52",3.49
"00:19:52",3.42
"00:19:53",3.58
"00:19:54",3.69
"00:19:55",3.44
"00:19:56",3.63
"00:19:57",3.33
"00:19:57",3.57
"00:19:58",3.23
"00:19:59",3.57
"00:20:00",3.28
"00:20:01",3.66
"00:20:02",3.57
"00:20:02",3.34
"00:20:03",3.6
"00:20:04",3.28
"00:20:05",3.62
"00:20:06",3.66
"00:20:07",3.62
"00:20:07",3.41
"00:20:08",3.62
"00:20:09",3.44
"00:20:10",3.46
"00:20:11",3.36
"00:20:11",3.68
"00:20:12",3.52
"00:20:13",3.44
"00:20:14",3.44
"00:20:15",3.33
"00:20:16",3.46
"00:20:16",3.6
"00:20:17",3.43
"00:20:18",3.74
"00:20:19",3.29
"00:20:20",3.26
"00:20:21",3.49
"00:20:21",3.4
"00:20:22",3.56
"00:20:23",3.28
"00:20:24",3.31
"00:20:25",3.66
"00:20:26",3.65
"00:20:26",3.58
"00:20:27",3.49
"00:20:28",3.26
"00:20:29",3.37
"00:20:30",3.32
"00:20:31",3.37
"00:20:31",3.61
"00:20:32",3.52
"00:20:33",3.47
"00:20:34",3.37
"00:20:35",3.47
"00:20:36",3.34
"00:20:36",3.5
"00:20:37",3.63
"00:20:38",3.33
"00:20:39",3.42
"00:20:40",3.53
"00:20:40",3.55
"00:20:41",3.41
"00:20:42",3.57
"00:20:43",3.58
"00:20:44",3.41
"00:20:45",3.52
"00:20:45",3.5
"00:20:46",3.58
"00:20:47",3.34
"00:20:48",3.4
"00:20:49",3.47
"00:20:50",3.39
"00:20:50",3.56
"00:20:51",3.3
"00:20:52",3.3
"00:20:53",3.61
"00:20:54",3.41
"00:20:55",3.44
"00:20:55",3.42
"00:20:56",3.39
"00:20:57",3.52
"00:20:58",3.44
"00:20:59",3.52
"00:21:00",3.47
"00:21:00",3.41
"00:21:01",3.48
"00:21:02",3.61
"00:21:03",3.54
"00:21:04",3.48
"00:21:05",3.43
"00:21:05",3.43
"00:21:06",3.57
"00:21:07",3.52
"00:21:08",3.56
"00:21:09",3.41
"00:21:09",3.53
"00:21:10",3.51
"00:21:11",3.51
"00:21:12",3.36
"00:21:13",3.74
"00:21:14",3.72
"00:21:14",3.64
"00:21:15",3.56
"00:21:16",3.53
"00:21:17",3.6
"00:21:18",3.45
"00:21:19",3.59
"00:21:19",3.52
"00:21:20",3.56
"00:21:21",3.41
"00:21:22",3.66
"00:21:23",3.29
"00:21:24",3.66
"00:21:24",3.66
"00:21:25",3.37
"00:21:26",3.44
"00:21:27",3.38
"00:21:28",3.59
"00:21:29",3.58
"00:21:29",3.47
"00:21:30",3.69
"00:21:31",3.22
"00:21:32",3.5
"00:21:33",3.44
"00:21:33",3.7
"00:21:34",3.72
"00:21:35",3.64
"00:21:36",3.46
"00:21:37",3.3
"00:21:38",3.58
"00:21:38",3.47
"00:21:39",3.54
"00:21:40",3.53
"00:21:41",3.5
"00:21:42",3.44
"00:21:43",3.44
"00:21:43",3.47
"00:21:44",3.52
"00:21:45",3.54
"00:21:46",3.51
"00:21:47",3.57
"00:21:48",3.64
"00:21:48",3.41
"00:21:49",3.39
"00:21:50",3.38
"00:21:51",3.52
"00:21:52",3.53
"00:21:53",3.35
"00:21:53",3.51
"00:21:54",3.51
"00:21:55",3.51
"00:21:56",3.41
"00:21:57",3.6
"00:21:58",3.4
"00:21:58",3.49
"00:21:59",3.3
"00:22:00",3.61
"00:22:01",3.5
"00:22:02",3.54
"00:22:02",3.71
"00:22:03",3.52
"00:22:04",3.36
"00:22:05",3.44
"00:22:06",3.48
"00:22:07",3.49
"00:22:07",3.59
"00:22:08",3.51
"00:22:09",3.53
"00:22:10",3.52
"00:22:11",3.54
"00:22:12",3.62
"00:22:12",3.46
"00:22:13",3.55
"00:22:14",3.43
"00:22:15",3.54
"00:22:16",3.48
"00:22:17",3.75
"00:22:17",3.72
"00:22:18",3.4
"00:22:19",3.51
"00:22:20",3.53
"00:22:21",3.46
"00:22:22",3.5
"00:22:22",3.49
"00:22:23",3.62
"00:22:24",3.45
"00:22:25",3.76
"00:22:26",3.42
"00:22:26",3.43
"00:22:27",3.53
"00:22:28",3.55
"00:22:29",3.52
"00:22:30",3.45
"00:22:31",3.48
"00:22:31",3.56
"00:22:32",3.59
"00:22:33",3.54
"00:22:34",3.55
"00:22:35",3.57
"00:22:36",3.46
"00:22:36",3.34
"00:22:37",3.37
"00:22:38",3.56
"00:22:39",3.37
"00:22:40",3.46
"00:22:41",3.57
"00:22:41",3.54
"00:22:42",3.45
"00:22:43",3.52
"00:22:44",3.56
"00:22:45",3.61
"00:22:46",3.52
"00:22:46",3.51
"00:22:47",3.28
"00:22:48",3.44
"00:22:49",3.46
"00:22:50",3.45
"00:22:51",3.41
"00:22:51",3.47
"00:22:52",3.37
"00:22:53",3.74
"00:22:54",3.71
"00:22:55",3.57
"00:22:55",3.37
"00:22:56",3.61
"00:22:57",3.54
"00:22:58",3.41
"00:22:59",3.43
"00:23:00",3.61
"00:23:00",3.54
"00:23:01",3.52
"00:23:02",3.65
"00:23:03",3.61
"00:23:04",3.6
"00:23:05",3.39
"00:23:05",3.63
"00:23:06",3.61
"00:23:07",3.55
"00:23:08",3.54
"00:23:09",3.47
"00:23:10",3.51
"00:23:10",3.32
"00:23:11",3.47
"00:23:12",3.59
"00:23:13",3.52
"00:23:14",3.47
"00:23:15",3.5
"00:23:15",3.59
"00:23:16",3.59
"00:23:17",3.54
"00:23:18",3.52
"00:23:19",3.5
"00:23:19",3.39
"00:23:20",3.61
"00:23:21",3.51
"00:23:22",3.37
"00:23:23",3.46
"00:23:24",3.35
"00:23:24",3.54
"00:23:25",3.51
"00:23:26",3.73
"00:23:27",3.55
"00:23:28",3.6
"00:23:29",3.41
"00:23:29",3.61
"00:23:30",3.63
"00:23:31",3.44
"00:23:32",3.6
"00:23:33",3.47
"00:23:34",3.44
"00:23:34",3.54
"00:23:35",3.5
"00:23:36",3.67
"00:23:37",3.38
"00:23:38",3.53
"00:23:39",3.65
"00:23:39",3.6
"00:23:40",3.45
"00:23:41",3.55
"00:23:42",3.63
"00:23:43",3.43
"00:23:44",3.63
"00:23:44",3.47
"00:23:45",3.63
"00:23:46",3.55
"00:23:47",3.48
"00:23:48",3.35
"00:23:48",3.43
"00:23:49",3.51
"00:23:50",3.52
"00:23:51",3.58
"00:23:52",3.53
"00:23:53",3.51
"00:23:53",3.61
"00:23:54",3.46
"00:23:55",3.52
"00:23:56",3.54
"00:23:57",3.72
"00:23:58",3.6
"00:23:58",3.58
"00:23:59",3.47
"00:24:00",3.5
"00:24:01",3.46
"00:24:02",3.52
"00:24:03",3.6
"00:24:03",3.46
"00:24:04",3.48
"00:24:05",3.61
"00:24:06",3.51
"00:24:07",3.55
"00:24:08",3.45
"00:24:08",3.47
"00:24:09",3.52
"00:24:10",3.54
"00:24:11",3.55
"00:24:12",3.48
"00:24:12",3.64
"00:24:13",3.47
"00:24:14",3.65
"00:24:15",3.2
"00:24:16",3.5
"00:24:17",3.6
"00:24:17",3.59
"00:24:18",3.48
"00:24:19",3.56
"00:24:20",3.5
"00:24:21",3.53
"00:24:22",3.53
"00:24:22",3.6
"00:24:23",3.56
"00:24:24",3.58
"00:24:25",3.55
"00:24:26",3.54
"00:24:27",3.38
"00:24:27",3.45
"00:24:28",3.5
"00:24:29",3.62
"00:24:30",3.5
"00:24:31",3.49
"00:24:32",3.43
"00:24:32",3.54
"00:24:33",3.56
"00:24:34",3.59
"00:24:35",3.7
"00:24:36",3.52
"00:24:37",3.54
"00:24:37",3.6
"00:24:38",3.52
"00:24:39",3.56
"00:24:40",3.5
"00:24:41",3.53
"00:24:41",3.42
"00:24:42",3.47
"00:24:43",3.53
"00:24:44",3.61
"00:24:45",3.58
"00:24:46",3.43
"00:24:46",3.36
"00:24:47",3.58
"00:24:48",3.54
"00:24:49",3.59
"00:24:50",3.5
"00:24:51",3.55
"00:24:51",3.51
"00:24:52",3.38
"00:24:53",3.56
"00:24:54",3.47
"00:24:55",3.38
"00:24:56",3.36
"00:24:56",3.6
"00:24:57",3.51
"00:24:58",3.62
"00:24:59",3.47
"00:25:00",3.6
"00:25:01",3.5
"00:25:01",3.5
"00:25:02",3.67
"00:25:03",3.53
"00:25:04",3.54
"00:25:05",3.55
"00:25:05",3.62
"00:25:06",3.45
"00:25:07",3.67
"00:25:08",3.46
"00:25:09",3.44
"00:25:10",3.53
"00:25:10",3.55
"00:25:11",3.51
"00:25:12",3.42
"00:25:13",3.51
"00:25:14",3.49
"00:25:15",3.58
"00:25:15",3.58
"00:25:16",3.52
"00:25:17",3.49
"00:25:18",3.61
"00:25:19",3.38
"00:25:20",3.5
"00:25:20",3.44
"00:25:21",3.44
"00:25:22",3.49
"00:25:23",3.56
"00:25:24",3.62
"00:25:25",3.69
"00:25:25",3.58
"00:25:26",3.55
"00:25:27",3.5
"00:25:28",3.58
"00:25:29",3.49
"00:25:30",3.4
"00:25:30",3.54
"00:25:31",3.59
"00:25:32",3.47
"00:25:33",3.54
"00:25:34",3.57
"00:25:34",3.54
"00:25:35",3.41
"00:25:36",3.59
"00:25:37",3.48
"00:25:38",3.64
"00:25:39",3.41
"00:25:39",3.53
"00:25:40",3.53
"00:25:41",3.59
"00:25:42",3.58
"00:25:43",3.48
"00:25:44",3.55
"00:25:44",3.47
"00:25:45",3.49
"00:25:46",3.6
"00:25:47",3.56
"00:25:48",3.58
"00:25:49",3.58
"00:25:49",3.48
"00:25:50",3.51
"00:25:51",3.8
"00:25:52",3.39
"00:25:53",3.53
"00:25:54",3.37
"00:25:54",3.47
"00:25:55",3.46
"00:25:56",3.63
"00:25:57",3.26
"00:25:58",3.57
"00:25:58",3.52
"00:25:59",3.43
"00:26:00",3.54
"00:26:01",3.46
"00:26:02",3.49
"00:26:03",3.5
"00:26:03",3.62
"00:26:04",3.42
"00:26:05",3.53
"00:26:06",3.45
"00:26:07",3.51
"00:26:08",3.42
"00:26:08",3.57
"00:26:09",3.59
"00:26:10",3.49
"00:26:11",3.48
"00:26:12",3.56
"00:26:13",3.47
"00:26:13",3.5
"00:26:14",3.57
"00:26:15",3.67
"00:26:16",3.55
"00:26:17",3.51
"00:26:18",3.77
"00:26:18",3.53
"00:26:19",3.38
"00:26:20",3.57
"00:26:21",3.51
"00:26:22",3.46
"00:26:23",3.5
"00:26:23",3.49
"00:26:24",3.63
"00:26:25",3.54
"00:26:26",3.47
"00:26:27",3.47
"00:26:27",3.35
"00:26:28",3.61
"00:26:29",3.41
"00:26:30",3.62
"00:26:31",3.48
"00:26:32",3.49
"00:26:32",3.78
"00:26:33",3.45
"00:26:34",3.62
"00:26:35",3.53
"00:26:36",3.65
"00:26:37",3.53
"00:26:37",3.45
"00:26:38",3.58
"00:26:39",3.4
"00:26:40",3.69
"00:26:41",3.37
"00:26:42",3.56
"00:26:42",3.62
"00:26:43",3.46
"00:26:44",3.63
"00:26:45",3.69
"00:26:46",3.48
"00:26:47",3.39
"00:26:47",3.37
"00:26:48",3.44
"00:26:49",3.64
"00:26:50",3.39
"00:26:51",3.58
"00:26:51",3.55
"00:26:52",3.68
"00:26:53",3.75
"00:26:54",3.46
"00:26:55",3.45
"00:26:56",3.42
"00:26:56",3.64
"00:26:57",3.52
"00:26:58",3.56
"00:26:59",3.63
"00:27:00",3.6
"00:27:01",3.5
"00:27:01",3.52
"00:27:02",3.66
"00:27:03",3.44
"00:27:04",3.46
"00:27:05",3.55
"00:27:06",3.59
"00:27:06",3.67
"00:27:07",3.5
"00:27:08",3.55
"00:27:09",3.48
"00:27:10",3.55
"00:27:11",3.49
"00:27:11",3.43
"00:27:12",3.41
"00:27:13",3.48
"00:27:14",3.56
"00:27:15",3.71
"00:27:16",3.62
"00:27:16",3.57
"00:27:17",3.54
"00:27:18",3.53
"00:27:19",3.55
"00:27:20",3.66
"00:27:20",3.41
"00:27:21",3.46
"00:27:22",3.44
"00:27:23",3.54
"00:27:24",3.62
"00:27:25",3.52
"00:27:25",3.51
"00:27:26",3.63
"00:27:27",3.64
"00:27:28",3.44
"00:27:29",3.46
"00:27:30",3.44
"00:27:30",3.54
"00:27:31",3.49
"00:27:32",3.48
"00:27:33",3.51
"00:27:34",3.46
"00:27:35",3.5
"00:27:35",3.57
"00:27:36",3.71
"00:27:37",3.46
"00:27:38",3.58
"00:27:39",3.32
"00:27:40",3.77
"00:27:40",3.53
"00:27:41",3.62
"00:27:42",3.58
"00:27:43",3.57
"00:27:44",3.49
"00:27:44",3.59
"00:27:45",3.42
"00:27:46",3.67
"00:27:47",3.5
"00:27:48",3.52
"00:27:49",3.44
"00:27:49",3.6
"00:27:50",3.49
"00:27:51",3.54
"00:27:52",3.41
"00:27:53",3.68
"00:27:54",3.58
"00:27:54",3.54
"00:27:55",3.66
"00:27:56",3.48
"00:27:57",3.63
"00:27:58",3.69
"00:27:59",3.58
"00:27:59",3.55
"00:28:00",3.65
"00:28:01",3.67
"00:28:02",3.47
"00:28:03",3.57
"00:28:04",3.72
"00:28:04",3.73
"00:28:05",3.61
"00:28:06",3.61
"00:28:07",3.59
"00:28:08",3.58
"00:28:09",3.53
"00:28:09",3.64
"00:28:10",3.51
"00:28:11",3.45
"00:28:12",3.66
"00:28:13",3.69
"00:28:13",3.48
"00:28:14",3.53
"00:28:15",3.58
"00:28:16",3.56
"00:28:17",3.63
"00:28:18",3.5
"00:28:18",3.62
"00:28:19",3.5
"00:28:20",3.53
"00:28:21",3.59
"00:28:22",3.73
"00:28:23",3.56
"00:28:23",3.44
"00:28:24",3.52
"00:28:25",3.56
"00:28:26",3.55
"00:28:27",3.62
"00:28:28",3.58
"00:28:28",3.65
"00:28:29",3.71
"00:28:30",3.7
"00:28:31",3.52
"00:28:32",3.67
"00:28:33",3.67
"00:28:33",3.73
"00:28:34",3.57
"00:28:35",3.56
"00:28:36",3.65
"00:28:37",3.53
"00:28:37",3.34
"00:28:38",3.54
"00:28:39",3.61
"00:28:40",3.7
"00:28:41",3.54
"00:28:42",3.78
"00:28:42",3.6
"00:28:43",3.64
"00:28:44",3.62
"00:28:45",3.46
"00:28:46",3.4
"00:28:47",3.73
"00:28:47",3.54
"00:28:48",3.42
"00:28:49",3.57
"00:28:50",3.67
"00:28:51",3.53
"00:28:52",3.61
"00:28:52",3.63
"00:28:53",3.5
"00:28:54",3.6
"00:28:55",3.7
"00:28:56",3.57
"00:28:57",3.68
"00:28:57",3.54
"00:28:58",3.52
"00:28:59",3.58
"00:29:00",3.56
"00:29:01",3.57
"00:29:02",3.72
"00:29:02",3.58
"00:29:03",3.61
"00:29:04",3.71
"00:29:05",3.64
"00:29:06",3.39
"00:29:06",3.68
"00:29:07",3.7
"00:29:08",3.67
"00:29:09",3.57
"00:29:10",3.5
"00:29:11",3.59
"00:29:11",3.63
"00:29:12",3.62
"00:29:13",3.63
"00:29:14",3.54
"00:29:15",3.55
"00:29:16",3.61
"00:29:16",3.69
"00:29:17",3.57
"00:29:18",3.63
"00:29:19",3.57
"00:29:20",3.6
"00:29:21",3.57
"00:29:21",3.66
"00:29:22",3.61
"00:29:23",3.57
"00:29:24",3.41
"00:29:25",3.61
"00:29:26",3.74
"00:29:26",3.54
"00:29:27",3.68
"00:29:28",3.72
"00:29:29",3.55
"00:29:30",3.7
"00:29:30",3.63
"00:29:31",3.48
"00:29:32",3.74
"00:29:33",3.67
"00:29:34",3.67
"00:29:35",3.59
"00:29:35",3.7
"00:29:36",3.52
"00:29:37",3.72
"00:29:38",3.63
"00:29:39",3.62
"00:29:40",3.7
"00:29:40",3.54
"00:29:41",3.5
"00:29:42",3.56
"00:29:43",3.66
"00:29:44",3.94
"00:29:45",3.53
"00:29:45",3.54
"00:29:46",3.46
"00:29:47",3.63
"00:29:48",3.65
"00:29:49",3.42
"00:29:50",3.68
"00:29:50",3.74
"00:29:51",3.61
"00:29:52",3.6
"00:29:53",3.42
"00:29:54",3.55
"00:29:55",3.57
"00:29:55",3.71
"00:29:56",3.69
"00:29:57",3.66
"00:29:58",3.57
"00:29:59",3.65
"00:29:59",3.57
"00:30:00",3.57
"00:30:01",3.67
"00:30:02",3.61
"00:30:03",3.7
"00:30:04",3.52
"00:30:04",3.59
"00:30:05",3.69
"00:30:06",3.62
"00:30:07",3.69
"00:30:08",3.64
"00:30:09",3.82
"00:30:09",3.66
"00:30:10",3.68
"00:30:11",3.65
"00:30:12",3.48
"00:30:13",3.72
"00:30:14",3.58
"00:30:14",3.75
"00:30:15",3.67
"00:30:16",3.61
"00:30:17",3.71
"00:30:18",3.43
"00:30:19",3.73
"00:30:19",3.53
"00:30:20",3.56
"00:30:21",3.62
"00:30:22",3.56
"00:30:23",3.49
"00:30:23",3.61
"00:30:24",3.62
"00:30:25",3.63
"00:30:26",3.74
"00:30:27",3.65
"00:30:28",3.53
"00:30:28",3.67
"00:30:29",3.69
"00:30:30",3.58
"00:30:31",3.76
"00:30:32",3.57
"00:30:33",3.73
"00:30:33",3.62
"00:30:34",3.7
"00:30:35",3.66
"00:30:36",3.66
"00:30:37",3.74
"00:30:38",3.6
"00:30:38",3.62
"00:30:39",3.63
"00:30:40",3.62
"00:30:41",3.57
"00:30:42",3.73
"00:30:43",3.58
"00:30:43",3.67
"00:30:44",3.58
"00:30:45",3.57
"00:30:46",3.58
"00:30:47",3.71
"00:30:48",3.73
"00:30:48",3.49
"00:30:49",3.64
"00:30:50",3.66
"00:30:51",3.53
"00:30:52",3.63
"00:30:52",3.64
"00:30:53",3.53
"00:30:54",3.6
"00:30:55",3.68
"00:30:56",3.67
"00:30:57",3.55
"00:30:57",3.55
"00:30:58",3.45
"00:30:59",3.46
"00:31:00",3.8
"00:31:01",3.67
"00:31:02",3.61
"00:31:02",3.6
"00:31:03",3.74
"00:31:04",3.61
"00:31:05",3.67
"00:31:06",3.76
"00:31:07",3.75
"00:31:07",3.57
"00:31:08",3.65
"00:31:09",3.68
"00:31:10",3.58
"00:31:11",3.61
"00:31:12",3.6
"00:31:12",3.61
"00:31:13",3.73
"00:31:14",3.55
"00:31:15",3.53
"00:31:16",3.66
"00:31:16",3.67
"00:31:17",3.61
"00:31:18",3.6
"00:31:19",3.67
"00:31:20",3.72
"00:31:21",3.59
"00:31:21",3.69
"00:31:22",3.62
"00:31:23",3.63
"00:31:24",3.7
"00:31:25",3.68
"00:31:26",3.61
"00:31:26",3.59
"00:31:27",3.63
"00:31:28",3.67
"00:31:29",3.59
"00:31:30",3.63
"00:31:31",3.67
"00:31:31",3.55
"00:31:32",3.68
"00:31:33",3.73
"00:31:34",3.73
"00:31:35",3.62
"00:31:36",3.6
"00:31:36",3.64
"00:31:37",3.57
"00:31:38",3.62
"00:31:39",3.67
"00:31:40",3.61
"00:31:41",3.59
"00:31:41",3.6
"00:31:42",3.61
"00:31:43",3.65
"00:31:44",3.81
"00:31:45",3.62
"00:31:45",3.52
"00:31:46",3.68
"00:31:47",3.61
"00:31:48",3.63
"00:31:49",3.63
"00:31:50",3.77
"00:31:50",3.7
"00:31:51",3.78
"00:31:52",3.58
"00:31:53",3.64
"00:31:54",3.54
"00:31:55",3.56
"00:31:55",3.7
"00:31:56",3.7
"00:31:57",3.6
"00:31:58",3.51
"00:31:59",3.68
"00:32:00",3.63
"00:32:00",3.76
"00:32:01",3.68
"00:32:02",3.67
"00:32:03",3.68
"00:32:04",3.63
"00:32:05",3.7
"00:32:05",3.64
"00:32:06",3.52
"00:32:07",3.5
"00:32:08",3.62
"00:32:09",3.47
"00:32:10",3.74
"00:32:10",3.66
"00:32:11",3.58
"00:32:12",3.72
"00:32:13",3.62
"00:32:14",3.56
"00:32:14",3.58
"00:32:15",3.71
"00:32:16",3.68
"00:32:17",3.64
"00:32:18",3.58
"00:32:19",3.6
"00:32:19",3.6
"00:32:20",3.65
"00:32:21",3.66
"00:32:22",3.61
"00:32:23",3.69
"00:32:24",3.71
"00:32:24",3.54
"00:32:25",3.6
"00:32:26",3.69
"00:32:27",3.7
"00:32:28",3.68
"00:32:29",3.61
"00:32:29",3.55
"00:32:30",3.59
"00:32:31",3.58
"00:32:32",3.72
"00:32:33",3.54
"00:32:34",3.61
"00:32:34",3.55
"00:32:35",3.74
"00:32:36",3.66
"00:32:37",3.75
"00:32:38",3.57
"00:32:38",3.67
"00:32:39",3.74
"00:32:40",3.72
"00:32:41",3.59
"00:32:42",3.64
"00:32:43",3.66
"00:32:43",3.83
"00:32:44",3.76
"00:32:45",3.76
"00:32:46",3.65
"00:32:47",3.52
"00:32:48",3.76
"00:32:48",3.74
"00:32:49",3.69
"00:32:50",3.77
"00:32:51",3.51
"00:32:52",3.72
"00:32:53",3.65
"00:32:53",3.76
"00:32:54",3.72
"00:32:55",3.66
"00:32:56",3.59
"00:32:57",3.65
"00:32:58",3.74
"00:32:58",3.66
"00:32:59",3.68
"00:33:00",3.69
"00:33:01",3.72
"00:33:02",3.74
"00:33:03",3.7
"00:33:03",3.65
"00:33:04",3.73
"00:33:05",3.7
"00:33:06",3.7
"00:33:07",3.71
"00:33:07",3.69
"00:33:08",3.82
"00:33:09",3.81
"00:33:10",3.66
"00:33:11",3.68
"00:33:12",3.81
"00:33:12",3.75
"00:33:13",3.8
"00:33:14",3.79
"00:33:15",3.71
"00:33:16",3.71
"00:33:17",3.62
"00:33:17",3.77
"00:33:18",3.78
"00:33:19",3.72
"00:33:20",3.69
"00:33:21",3.84
"00:33:22",3.65
"00:33:22",3.83
"00:33:23",3.66
"00:33:24",3.84
"00:33:25",3.62
"00:33:26",3.69
"00:33:27",3.72
"00:33:27",3.75
"00:33:28",3.7
"00:33:29",3.72
"00:33:30",3.67
"00:33:31",3.64
"00:33:31",3.8
"00:33:32",3.65
"00:33:33",3.78
"00:33:34",3.75
"00:33:35",3.84
"00:33:36",3.79
"00:33:36",3.82
"00:33:37",3.71
"00:33:38",3.67
"00:33:39",3.65
"00:33:40",3.61
"00:33:41",3.89
"00:33:41",3.67
"00:33:42",3.72
"00:33:43",3.74
"00:33:44",3.9
"00:33:45",3.77
"00:33:46",3.8
"00:33:46",3.56
"00:33:47",3.69
"00:33:48",3.78
"00:33:49",3.73
"00:33:50",3.74
"00:33:51",3.6
"00:33:51",3.76
"00:33:52",3.77
"00:33:53",3.7
"00:33:54",3.91
"00:33:55",3.76
"00:33:56",3.59
"00:33:56",3.64
"00:33:57",3.75
"00:33:58",3.73
"00:33:59",3.8
"00:34:00",3.77
"00:34:00",3.75
"00:34:01",3.81
"00:34:02",3.73
"00:34:03",3.68
"00:34:04",3.74
"00:34:05",3.75
"00:34:05",3.73
"00:34:06",3.68
"00:34:07",3.81
"00:34:08",3.6
"00:34:09",3.74
"00:34:10",3.71
"00:34:10",3.77
"00:34:11",3.68
"00:34:12",3.75
"00:34:13",3.74
"00:34:14",3.78
"00:34:15",3.65
"00:34:15",3.79
"00:34:16",3.78
"00:34:17",3.79
"00:34:18",3.71
"00:34:19",3.8
"00:34:20",3.78
"00:34:20",3.82
"00:34:21",3.64
"00:34:22",3.71
"00:34:23",3.75
"00:34:24",3.81
"00:34:25",3.73
"00:34:25",3.76
"00:34:26",3.82
"00:34:27",3.67
"00:34:28",3.85
"00:34:29",3.72
"00:34:29",3.64
"00:34:30",3.73
"00:34:31",3.58
"00:34:32",3.79
"00:34:33",3.82
"00:34:34",3.76
"00:34:34",3.66
"00:34:35",3.7
"00:34:36",3.67
"00:34:37",3.68
"00:34:38",3.67
"00:34:39",3.68
"00:34:39",3.78
"00:34:40",3.82
"00:34:41",3.65
"00:34:42",3.81
"00:34:43",3.74
"00:34:44",3.89
"00:34:44",3.75
"00:34:45",3.7
"00:34:46",3.73
"00:34:47",3.92
"00:34:48",3.77
"00:34:49",3.76
"00:34:49",3.67
"00:34:50",3.58
"00:34:51",3.82
"00:34:52",3.69
"00:34:53",3.68
"00:34:53",3.85
"00:34:54",3.85
"00:34:55",3.72
"00:34:56",3.86
"00:34:57",3.69
"00:34:58",3.61
"00:34:58",3.76
"00:34:59",3.64
"00:35:00",3.77
"00:35:01",3.65
"00:35:02",3.82
"00:35:03",3.85
"00:35:03",3.64
"00:35:04",3.77
"00:35:05",3.74
"00:35:06",3.64
"00:35:07",3.82
"00:35:08",3.69
"00:35:08",3.8
"00:35:09",3.93
"00:35:10",3.69
"00:35:11",3.65
"00:35:12",3.71
"00:35:13",3.67
"00:35:13",3.59
"00:35:14",3.8
"00:35:15",3.75
"00:35:16",3.7
"00:35:17",3.63
"00:35:18",3.84
"00:35:18",3.92
"00:35:19",3.71
"00:35:20",3.68
"00:35:21",3.66
"00:35:22",3.61
"00:35:22",3.73
"00:35:23",3.67
"00:35:24",3.62
"00:35:25",3.67
"00:35:26",3.79
"00:35:27",3.7
"00:35:27",3.68
"00:35:28",3.74
"00:35:29",3.73
"00:35:30",3.72
"00:35:31",3.77
"00:35:32",3.88
"00:35:32",3.76
"00:35:33",3.49
"00:35:34",3.73
"00:35:35",3.82
"00:35:36",3.65
"00:35:37",3.79
"00:35:37",3.67
"00:35:38",3.67
"00:35:39",3.82
"00:35:40",3.65
"00:35:41",3.64
"00:35:42",3.72
"00:35:42",3.72
"00:35:43",3.72
"00:35:44",3.75
"00:35:45",3.68
"00:35:46",3.76
"00:35:46",3.66
"00:35:47",3.64
"00:35:48",3.62
"00:35:49",3.66
"00:35:50",3.84
"00:35:51",3.64
"00:35:51",3.75
"00:35:52",3.61
"00:35:53",3.73
"00:35:54",3.76
"00:35:55",3.76
"00:35:56",3.7
"00:35:56",3.91
"00:35:57",3.66
"00:35:58",3.7
"00:35:59",3.85
"00:36:00",3.74
"00:36:01",3.81
"00:36:01",3.78
"00:36:02",3.71
"00:36:03",3.92
"00:36:04",3.78
"00:36:05",4
"00:36:06",3.63
"00:36:06",3.73
"00:36:07",3.92
"00:36:08",3.79
"00:36:09",3.64
"00:36:10",3.84
"00:36:11",3.77
"00:36:11",3.74
"00:36:12",3.76
"00:36:13",3.82
"00:36:14",3.88
"00:36:15",3.92
"00:36:15",3.78
"00:36:16",3.88
"00:36:17",3.86
"00:36:18",3.76
"00:36:19",3.86
"00:36:20",3.92
"00:36:20",68.05
"00:36:21",69.55
"00:36:22",101.55
"00:36:23",98.48
"00:36:24",99.7
"00:36:25",108.01
"00:36:25",117.42
"00:36:26",121.26
"00:36:27",125.45
"00:36:28",137.65
"00:36:29",150.05
"00:36:30",166.56
"00:36:30",181.4
"00:36:31",194.85
"00:36:32",206.28
"00:36:33",216.54
"00:36:34",226.23
"00:36:35",234.86
"00:36:35",242.68
"00:36:36",250.21
"00:36:37",256.75
"00:36:38",263.01
"00:36:39",269.29
"00:36:39",274.76
"00:36:40",279.5
"00:36:41",284.32
"00:36:42",288.6
"00:36:43",292.6
"00:36:44",296.53
"00:36:44",299.94
"00:36:45",303.6
"00:36:46",306.89
"00:36:47",309.95
"00:36:48",312.27
"00:36:49",314.28
"00:36:49",316.34
"00:36:50",318.04
"00:36:51",319.65
"00:36:52",320.92
"00:36:53",321.86
"00:36:54",322.56
"00:36:54",324.22
"00:36:55",325.22
"00:36:56",326.52
"00:36:57",327.41
"00:36:58",328.07
"00:36:59",329.37
"00:36:59",329.88
"00:37:00",330.5
"00:37:01",331.69
"00:37:02",332.04
"00:37:03",332.59
"00:37:04",333.19
"00:37:04",333.5
"00:37:05",334.38
"00:37:06",334.46
"00:37:07",334.51
"00:37:08",335
"00:37:08",335.43
"00:37:09",335.84
"00:37:10",335.93
"00:37:11",335.95
"00:37:12",336.38
"00:37:13",336.41
"00:37:13",336.68
"00:37:14",337.18
"00:37:15",337.01
"00:37:16",337.11
"00:37:17",337.59
"00:37:18",337.19
"00:37:18",337.3
"00:37:19",337.56
"00:37:20",337.8
"00:37:21",337.86
"00:37:22",338
"00:37:23",338.18
"00:37:23",338.16
"00:37:24",338.31
"00:37:25",338
"00:37:26",338.18
"00:37:27",338.31
"00:37:28",338.28
"00:37:28",338.53
"00:37:29",338.32
"00:37:30",338.44
"00:37:31",338.29
"00:37:32",338.61
"00:37:33",337.9
"00:37:33",338.49
"00:37:34",337.45
"00:37:35",337.95
"00:37:36",338.49
"00:37:37",338.25
"00:37:37",338.24
"00:37:38",338.21
"00:37:39",338.34
"00:37:40",338.35
"00:37:41",338.82
"00:37:42",338.54
"00:37:42",338.86
"00:37:43",339.04
"00:37:44",339.15
"00:37:45",339.33
"00:37:46",338.59
"00:37:47",338.98
"00:37:47",339.08
"00:37:48",338.85
"00:37:49",339.43
"00:37:50",339.21
"00:37:51",339.3
"00:37:52",339.47
"00:37:52",339.59
"00:37:53",339.24
"00:37:54",339.06
"00:37:55",339.86
"00:37:56",340.26
"00:37:57",340.68
"00:37:57",341.03
"00:37:58",341.33
"00:37:59",341.29
"00:38:00",341.32
"00:38:01",340.79
"00:38:01",341.14
"00:38:02",341.2
"00:38:03",340.74
"00:38:04",341.26
"00:38:05",341.71
"00:38:06",342.48
"00:38:06",342.52
"00:38:07",343.5
"00:38:08",343.29
"00:38:09",343.5
"00:38:10",343.59
"00:38:11",343.94
"00:38:11",343.89
"00:38:12",343.79
"00:38:13",344.54
"00:38:14",344.54
"00:38:15",344.89
"00:38:16",344.48
"00:38:16",343.44
"00:38:17",343.32
"00:38:18",344.34
"00:38:19",343.33
"00:38:20",343.14
"00:38:21",342.92
"00:38:21",342.48
"00:38:22",342.51
"00:38:23",342.37
"00:38:24",342.54
"00:38:25",342.3
"00:38:26",342.08
"00:38:26",342.12
"00:38:27",342.32
"00:38:28",342.13
"00:38:29",342.9
"00:38:30",343.67
"00:38:30",344.01
"00:38:31",343.98
"00:38:32",344.17
"00:38:33",343.18
"00:38:34",342.93
"00:38:35",342.87
"00:38:35",342.8
"00:38:36",343.24
"00:38:37",342.85
"00:38:38",342.25
"00:38:39",342.38
"00:38:40",342.52
"00:38:40",342.03
"00:38:41",341.71
"00:38:42",341.9
"00:38:43",343.42
"00:38:44",342.87
"00:38:45",343.11
"00:38:45",343.74
"00:38:46",344.53
"00:38:47",344.83
"00:38:48",345.58
"00:38:49",346
"00:38:50",345.73
"00:38:50",346.17
"00:38:51",345.52
"00:38:52",345.13
"00:38:53",346.27
"00:38:54",345.91
"00:38:54",345.53
"00:38:55",344.94
"00:38:56",344.57
"00:38:57",344.48
"00:38:58",344.2
"00:38:59",344.67
"00:38:59",344.48
"00:39:00",344.47
"00:39:01",345.06
"00:39:02",344.64
"00:39:03",346.96
"00:39:04",345.35
"00:39:04",345.31
"00:39:05",345.56
"00:39:06",345.43
"00:39:07",346.29
"00:39:08",347.13
"00:39:09",347.64
"00:39:09",347.96
"00:39:10",348.45
"00:39:11",348.46
"00:39:12",347.76
"00:39:13",348.91
"00:39:14",349.22
"00:39:14",349.12
"00:39:15",349.21
"00:39:16",349.01
"00:39:17",348.87
"00:39:18",350.24
"00:39:19",350.97
"00:39:19",350.58
"00:39:20",350.28
"00:39:21",350.36
"00:39:22",350.02
"00:39:23",350.41
"00:39:23",350.63
"00:39:24",350.86
"00:39:25",352.47
"00:39:26",353.6
"00:39:27",354.01
"00:39:28",370.49
"00:39:28",371.2
"00:39:29",368.73
"00:39:30",368.89
"00:39:31",370.21
"00:39:32",371.82
"00:39:33",373.11
"00:39:33",375.96
"00:39:34",377.64
"00:39:35",381.28
"00:39:36",386.05
"00:39:37",394.35
"00:39:38",394.88
"00:39:38",402.99
"00:39:39",450.08
"00:39:40",432.4
"00:39:41",439.24
"00:39:42",485.27
"00:39:43",554.08
"00:39:43",554.71
"00:39:44",564.4
"00:39:45",574.02
"00:39:46",589.96
"00:39:47",638.07
"00:39:47",653.01
"00:39:48",687.29
"00:39:49",695.29
"00:39:50",727.62
"00:39:51",734.86
"00:39:52",727.39
"00:39:52",708.9
"00:39:53",654.98
"00:39:54",603.03
"00:39:55",566.76
"00:39:56",534.5
"00:39:57",513.39
"00:39:57",491.64
"00:39:58",470.31
"00:39:59",454.28
"00:40:00",438.97
"00:40:01",427.16
"00:40:02",415.67
"00:40:02",402.83
"00:40:03",391.45
"00:40:04",376.97
"00:40:05",363.26
"00:40:06",355.16
"00:40:07",346.37
"00:40:07",334.3
"00:40:08",322.61
"00:40:09",308.69
"00:40:10",299.92
"00:40:11",288.09
"00:40:12",279.21
"00:40:12",270.48
"00:40:13",262.97
"00:40:14",255.85
"00:40:15",247.84
"00:40:16",241.43
"00:40:16",236.15
"00:40:17",230.28
"00:40:18",224.83
"00:40:19",219.83
"00:40:20",217.17
"00:40:21",213.92
"00:40:21",211.27
"00:40:22",207.5
"00:40:23",205.08
"00:40:24",202.08
"00:40:25",200.18
"00:40:26",198.31
"00:40:26",195.06
"00:40:27",193.23
"00:40:28",190.05
"00:40:29",184.22
"00:40:30",176.58
"00:40:31",172.19
"00:40:31",168.76
"00:40:32",164.12
"00:40:33",159.77
"00:40:34",155.89
"00:40:35",151.81
"00:40:36",148.23
"00:40:36",144.97
"00:40:37",141.3
"00:40:38",137.11
"00:40:39",134.22
"00:40:40",131.07
"00:40:40",127.07
"00:40:41",123.68
"00:40:42",120.1
"00:40:43",116.33
"00:40:44",112.83
"00:40:45",109.87
"00:40:45",105.93
"00:40:46",103.16
"00:40:47",99.77
"00:40:48",96.27
"00:40:49",92.18
"00:40:50",89.84
"00:40:50",87.54
"00:40:51",84.78
"00:40:52",80.88
"00:40:53",77.14
"00:40:54",74.12
"00:40:55",70.07
"00:40:55",67.61
"00:40:56",64.76
"00:40:57",63.05
"00:40:58",60.81
"00:40:59",58.11
"00:41:00",56.17
"00:41:00",54.09
"00:41:01",51.76
"00:41:02",50.35
"00:41:03",49.2
"00:41:04",47.97
"00:41:05",46.91
"00:41:05",50.27
"00:41:06",52.08
"00:41:07",144.18
"00:41:08",177.67
"00:41:09",169.68
"00:41:09",164.78
"00:41:10",166.82
"00:41:11",182.82
"00:41:12",182.33
"00:41:13",184.71
"00:41:14",188.85
"00:41:14",197.1
"00:41:15",206.12
"00:41:16",213.47
"00:41:17",217.32
"00:41:18",222.34
"00:41:19",225.5
"00:41:19",226.44
"00:41:20",229.06
"00:41:21",246.3
"00:41:22",251.11
"00:41:23",236.01
"00:41:24",225.4
"00:41:24",212.4
"00:41:25",201.4
"00:41:26",190.42
"00:41:27",180.71
"00:41:28",171.5
"00:41:29",164.3
"00:41:29",156.21
"00:41:30",149.62
"00:41:31",142.97
"00:41:32",137.11
"00:41:33",137.19
"00:41:33",135.12
"00:41:34",136.55
"00:41:35",130.35
"00:41:36",123.33
"00:41:37",117.86
"00:41:38",113.57
"00:41:38",108.55
"00:41:39",103.24
"00:41:40",98.72
"00:41:41",95.01
"00:41:42",90.12
"00:41:43",86.3
"00:41:43",82.73
"00:41:44",79.81
"00:41:45",77.28
"00:41:46",75.37
"00:41:47",71.72
"00:41:48",68.95
"00:41:48",66.59
"00:41:49",63.8
"00:41:50",61.79
"00:41:51",59.54
"00:41:52",57.74
"00:41:53",55.83
"00:41:53",55.63
"00:41:54",53.86
"00:41:55",52.32
"00:41:56",51.08
"00:41:57",49.35
"00:41:58",47.23
"00:41:58",45.45
"00:41:59",44.28
"00:42:00",42.54
"00:42:01",41.79
"00:42:02",40.8
"00:42:02",40.15
"00:42:03",39.42
"00:42:04",38.81
"00:42:05",38.3
"00:42:06",37.49
"00:42:07",37.21
"00:42:07",37.03
"00:42:08",36.04
"00:42:09",35.58
"00:42:10",35.23
"00:42:11",34.67
"00:42:12",34.27
"00:42:12",33.99
"00:42:13",33.24
"00:42:14",32.92
"00:42:15",32.34
"00:42:16",31.8
"00:42:17",31.38
"00:42:17",31.27
"00:42:18",30.57
"00:42:19",30.28
"00:42:20",30.5
"00:42:21",29.54
"00:42:22",29.27
"00:42:22",28.92
"00:42:23",28.69
"00:42:24",28.54
"00:42:25",28.24
"00:42:26",27.98
"00:42:26",27.94
"00:42:27",27.63
"00:42:28",27.42
"00:42:29",27.12
"00:42:30",26.78
"00:42:31",26.7
"00:42:31",26.55
"00:42:32",26.21
"00:42:33",25.99
"00:42:34",26.29
"00:42:35",25.59
"00:42:36",25.34
"00:42:36",25.23
"00:42:37",25.02
"00:42:38",24.98
"00:42:39",24.5
"00:42:40",24.18
"00:42:41",24.18
"00:42:41",25.49
"00:42:42",26.09
"00:42:43",26.24
"00:42:44",25.04
"00:42:45",24.45
"00:42:46",24.21
"00:42:46",24.18
"00:42:47",23.73
"00:42:48",23.7
"00:42:49",23.53
"00:42:50",23.14
"00:42:50",23.27
"00:42:51",23.58
"00:42:52",24.22
"00:42:53",23.99
"00:42:54",23.84
"00:42:55",23.32
"00:42:55",23.18
"00:42:56",22.74
"00:42:57",22.55
"00:42:58",22.43
"00:42:59",22.43
"00:43:00",22.08
"00:43:00",22.26
"00:43:01",22.09
"00:43:02",21.99
"00:43:03",21.78
"00:43:04",21.88
"00:43:05",21.69
"00:43:05",21.86
"00:43:06",21.61
"00:43:07",21.65
"00:43:08",21.58
"00:43:09",20.64
"00:43:10",20.87
"00:43:10",20.36
"00:43:11",20.27
"00:43:12",20.18
"00:43:13",20.35
"00:43:14",20.15
"00:43:15",20.22
"00:43:15",20.82
"00:43:16",20.76
"00:43:17",20.59
"00:43:18",20.62
"00:43:19",20.29
"00:43:19",20.32
"00:43:20",19.98
"00:43:21",20.02
"00:43:22",19.85
"00:43:23",19.62
"00:43:24",19.68
"00:43:24",19.59
"00:43:25",19.79
"00:43:26",19.56
"00:43:27",19.69
"00:43:28",19.44
"00:43:29",19.89
"00:43:29",20.51
"00:43:30",20.14
"00:43:31",20.15
"00:43:32",19.83
"00:43:33",19.53
"00:43:34",19.33
"00:43:34",19.35
"00:43:35",19.2
"00:43:36",19.49
"00:43:37",19.28
"00:43:38",19.37
"00:43:39",19.31
"00:43:39",19.46
"00:43:40",19.5
"00:43:41",28.23
"00:43:42",24.51
"00:43:43",24.17
"00:43:43",22.38
"00:43:44",28.78
"00:43:45",27.94
"00:43:46",26.61
"00:43:47",25.64
"00:43:48",25.24
"00:43:48",25
"00:43:49",25.05
"00:43:50",24.86
"00:43:51",25.02
"00:43:52",24.92
"00:43:53",24.77
"00:43:53",25
"00:43:54",24.62
"00:43:55",24.67
"00:43:56",24.53
"00:43:57",24.91
"00:43:58",24.91
"00:43:58",24.05
"00:43:59",24.27
"00:44:00",24.37
"00:44:01",24.63
"00:44:02",24.53
"00:44:03",24.49
"00:44:03",24.28
"00:44:04",24.3
"00:44:05",24.21
"00:44:06",24.23
"00:44:07",24.14
"00:44:08",24.06
"00:44:08",23.7
"00:44:09",23.78
"00:44:10",23.81
"00:44:11",23.56
"00:44:12",23.73
"00:44:12",23.38
"00:44:13",23.4
"00:44:14",23.26
"00:44:15",23.28
"00:44:16",22.95
"00:44:17",23.27
"00:44:17",23.22
"00:44:18",23.24
"00:44:19",23.4
"00:44:20",23.18
"00:44:21",23.13
"00:44:22",23.17
"00:44:22",23.21
"00:44:23",22.99
"00:44:24",23.19
"00:44:25",23.09
"00:44:26",23.2
"00:44:27",22.93
"00:44:27",22.92
"00:44:28",22.75
"00:44:29",22.96
"00:44:30",22.73
"00:44:31",22.89
"00:44:32",22.84
"00:44:32",22.57
"00:44:33",22.61
"00:44:34",22.59
"00:44:35",22.65
"00:44:36",22.61
"00:44:37",22.54
"00:44:37",22.49
"00:44:38",22.26
"00:44:39",22.51
"00:44:40",22.29
"00:44:41",22.41
"00:44:41",22.57
"00:44:42",22.25
"00:44:43",22.81
"00:44:44",22.61
"00:44:45",22.54
"00:44:46",22.8
"00:44:46",22.59
"00:44:47",22.43
"00:44:48",22.49
"00:44:49",22.38
"00:44:50",22.34
"00:44:51",22.33
"00:44:51",22.15
"00:44:52",22.04
"00:44:53",22.11
"00:44:54",22.23
"00:44:55",22.28
"00:44:56",22.16
"00:44:56",22.19
"00:44:57",22.04
"00:44:58",22.09
"00:44:59",22.16
"00:45:00",22.15
"00:45:01",21.96
"00:45:01",21.97
"00:45:02",22.02
"00:45:03",22.15
"00:45:04",22
"00:45:05",22.17
"00:45:05",22.28
"00:45:06",22.17
"00:45:07",22.15
"00:45:08",22.26
"00:45:09",22.5
"00:45:10",22.28
"00:45:10",22.35
"00:45:11",22.35
"00:45:12",22.15
"00:45:13",22.48
"00:45:14",22.23
"00:45:15",22.05
"00:45:15",22.2
"00:45:16",22.14
"00:45:17",21.96
"00:45:18",22.08
"00:45:19",22.09
"00:45:20",22.02
"00:45:20",22.03
"00:45:21",21.96
"00:45:22",21.99
"00:45:23",22.04
"00:45:24",21.81
"00:45:25",21.9
"00:45:25",21.94
"00:45:26",21.99
"00:45:27",21.83
"00:45:28",21.86
"00:45:29",21.79
"00:45:30",21.71
"00:45:30",21.64
"00:45:31",21.61
"00:45:32",21.73
"00:45:33",21.69
"00:45:34",21.75
"00:45:34",21.57
"00:45:35",21.56
"00:45:36",21.56
"00:45:37",21.5
"00:45:38",21.41
"00:45:39",21.3
"00:45:39",21.44
"00:45:40",21.38
"00:45:41",21.57
"00:45:42",21.12
"00:45:43",21.31
"00:45:44",21.18
"00:45:44",21.2
"00:45:45",21.36
"00:45:46",21.22
"00:45:47",21.18
"00:45:48",21.13
"00:45:49",21.05
"00:45:49",21.09
"00:45:50",21.3
"00:45:51",20.92
"00:45:52",21.1
"00:45:53",21.09
"00:45:54",21.02
"00:45:54",21.12
"00:45:55",20.88
"00:45:56",20.96
"00:45:57",21.01
"00:45:58",20.88
"00:45:58",20.73
"00:45:59",20.99
"00:46:00",20.99
"00:46:01",20.75
"00:46:02",20.77
"00:46:03",20.78
"00:46:03",20.84
"00:46:04",20.67
"00:46:05",20.63
"00:46:06",20.56
"00:46:07",20.6
"00:46:08",20.66
"00:46:08",20.47
"00:46:09",20.65
"00:46:10",20.59
"00:46:11",20.37
"00:46:12",20.52
"00:46:13",20.58
"00:46:13",20.33
"00:46:14",20.56
"00:46:15",20.4
"00:46:16",20.32
"00:46:17",20.37
"00:46:18",20.41
"00:46:18",20.21
"00:46:19",20.39
"00:46:20",19.72
"00:46:21",19.86
"00:46:22",19.99
"00:46:23",19.88
"00:46:23",19.96
"00:46:24",19.74
"00:46:25",19.74
"00:46:26",19.68
"00:46:27",19.85
"00:46:27",19.78
"00:46:28",19.74
"00:46:29",19.71
"00:46:30",19.67
"00:46:31",19.76
"00:46:32",19.64
"00:46:32",19.74
"00:46:33",19.77
"00:46:34",19.69
"00:46:35",19.58
"00:46:36",19.88
"00:46:37",19.74
"00:46:37",19.65
"00:46:38",19.44
"00:46:39",19.49
"00:46:40",19.45
"00:46:41",19.51
"00:46:42",19.47
"00:46:42",19.44
"00:46:43",19.63
"00:46:44",19.51
"00:46:45",19.57
"00:46:46",19.43
"00:46:47",19.54
"00:46:47",19.43
"00:46:48",19.65
"00:46:49",19.75
"00:46:50",19.56
"00:46:51",19.69
"00:46:51",19.48
"00:46:52",19.56
"00:46:53",19.59
"00:46:54",19.72
"00:46:55",19.57
"00:46:56",19.61
"00:46:56",19.49
"00:46:57",19.49
"00:46:58",19.58
"00:46:59",19.42
"00:47:00",19.29
"00:47:01",19.58
"00:47:01",19.4
"00:47:02",19.5
"00:47:03",19.52
"00:47:04",19.16
"00:47:05",19.3
"00:47:06",19.51
"00:47:06",19.46
"00:47:07",19.29
"00:47:08",19.29
"00:47:09",19.42
"00:47:10",19.26
"00:47:11",19.39
"00:47:11",19.35
"00:47:12",19.33
"00:47:13",19.28
"00:47:14",19.3
"00:47:15",19.24
"00:47:16",19.19
"00:47:16",19.09
"00:47:17",19.18
"00:47:18",19.17
"00:47:19",19.14
"00:47:20",19.1
"00:47:20",19.17
"00:47:21",19.34
"00:47:22",19.22
"00:47:23",19.42
"00:47:24",19.13
"00:47:25",19.3
"00:47:25",19.42
"00:47:26",19.09
"00:47:27",19.2
"00:47:28",19.09
"00:47:29",19.04
"00:47:30",19.21
"00:47:30",19.18
"00:47:31",19.12
"00:47:32",19.13
"00:47:33",19.06
"00:47:34",19.15
"00:47:35",19.11
"00:47:35",19.15
"00:47:36",18.92
"00:47:37",19.23
"00:47:38",18.94
"00:47:39",18.85
"00:47:40",19
"00:47:40",19.17
"00:47:41",18.89
"00:47:42",19.05
"00:47:43",18.92
"00:47:44",18.98
"00:47:44",18.89
"00:47:45",18.87
"00:47:46",19.07
"00:47:47",18.9
"00:47:48",18.83
"00:47:49",18.83
"00:47:49",18.89
"00:47:50",18.58
"00:47:51",18.74
"00:47:52",18.88
"00:47:53",18.96
"00:47:54",18.96
"00:47:54",18.81
"00:47:55",18.85
"00:47:56",18.8
"00:47:57",18.76
"00:47:58",18.79
"00:47:59",18.96
"00:47:59",18.79
"00:48:00",18.73
"00:48:01",18.73
"00:48:02",18.9
"00:48:03",18.79
"00:48:04",18.84
"00:48:04",18.82
"00:48:05",18.82
"00:48:06",18.87
"00:48:07",18.67
"00:48:08",18.65
"00:48:09",18.79
"00:48:09",18.65
"00:48:10",18.71
"00:48:11",18.74
"00:48:12",18.7
"00:48:13",18.69
"00:48:13",18.66
"00:48:14",18.71
"00:48:15",18.65
"00:48:16",18.66
"00:48:17",18.65
"00:48:18",18.54
"00:48:18",18.55
"00:48:19",18.7
"00:48:20",18.44
"00:48:21",18.58
"00:48:22",18.55
"00:48:23",18.35
"00:48:23",18.44
"00:48:24",18.49
"00:48:25",18.7
"00:48:26",18.52
"00:48:27",18.55
"00:48:28",18.39
"00:48:28",18.42
"00:48:29",18.6
"00:48:30",18.72
"00:48:31",18.54
"00:48:32",18.47
"00:48:33",18.52
"00:48:33",18.34
"00:48:34",18.39
"00:48:35",18.4
"00:48:36",18.42
"00:48:37",18.5
"00:48:37",18.19
"00:48:38",18.36
"00:48:39",18.42
"00:48:40",18.37
"00:48:41",18.41
"00:48:42",18.33
"00:48:42",18.36
"00:48:43",18.43
"00:48:44",18.4
"00:48:45",18.25
"00:48:46",18.38
"00:48:47",18.34
"00:48:47",18.34
"00:48:48",18.24
"00:48:49",18.39
"00:48:50",18.37
"00:48:51",18.32
"00:48:52",18.25
"00:48:52",18.19
"00:48:53",18.39
"00:48:54",18.31
"00:48:55",18.09
"00:48:56",18.44
"00:48:57",18.19
"00:48:57",18.13
"00:48:58",18.23
"00:48:59",18.28
"00:49:00",18.26
"00:49:01",18.26
"00:49:02",18.19
"00:49:02",18.28
"00:49:03",18.26
"00:49:04",18.26
"00:49:05",18.29
"00:49:06",18.19
"00:49:06",18.24
"00:49:07",18.25
"00:49:08",18.27
"00:49:09",18.34
"00:49:10",18.22
"00:49:11",18.23
"00:49:11",18.19
"00:49:12",18.09
"00:49:13",18.22
"00:49:14",18.07
"00:49:15",18.13
"00:49:16",18.26
"00:49:16",18.1
"00:49:17",18.14
"00:49:18",18.29
"00:49:19",18.14
"00:49:20",18.08
"00:49:21",18.23
"00:49:21",18.13
"00:49:22",18.23
"00:49:23",18.16
"00:49:24",18.12
"00:49:25",18.08
"00:49:26",18.11
"00:49:26",18.13
"00:49:27",18.07
"00:49:28",18.03
"00:49:29",18.03
"00:49:30",17.89
"00:49:30",18.08
"00:49:31",17.91
"00:49:32",18.05
"00:49:33",18.12
"00:49:34",18.01
"00:49:35",17.95
"00:49:35",17.95
"00:49:36",18.09
"00:49:37",17.88
"00:49:38",17.87
"00:49:39",17.86
"00:49:40",18.07
"00:49:40",17.96
"00:49:41",18.05
"00:49:42",17.98
"00:49:43",17.95
"00:49:44",17.82
"00:49:45",17.83
"00:49:45",17.87
"00:49:46",17.99
"00:49:47",17.86
"00:49:48",18
"00:49:49",18.08
"00:49:50",17.99
"00:49:50",18.02
"00:49:51",17.95
"00:49:52",18.02
"00:49:53",17.91
"00:49:54",17.94
"00:49:55",17.96
"00:49:55",17.99
"00:49:56",17.9
"00:49:57",17.9
"00:49:58",17.77
"00:49:59",17.87
"00:49:59",17.93
"00:50:00",17.75
"00:50:01",17.98
"00:50:02",17.85
"00:50:03",17.8
"00:50:04",17.82
"00:50:04",17.82
"00:50:05",17.87
"00:50:06",17.82
"00:50:07",17.8
"00:50:08",17.64
"00:50:09",17.86
"00:50:09",17.79
"00:50:10",17.73
"00:50:11",17.85
"00:50:12",17.86
"00:50:13",17.75
"00:50:14",17.84
"00:50:14",17.86
"00:50:15",17.82
"00:50:16",17.84
"00:50:17",17.71
"00:50:18",17.82
"00:50:19",17.66
"00:50:19",17.66
"00:50:20",17.77
"00:50:21",17.79
"00:50:22",17.71
"00:50:23",17.83
"00:50:24",17.94
"00:50:24",17.92
"00:50:25",17.76
"00:50:26",17.61
"00:50:27",17.57
"00:50:28",17.74
"00:50:28",17.87
"00:50:29",17.73
"00:50:30",17.78
"00:50:31",18.01
"00:50:32",17.75
"00:50:33",17.73
"00:50:33",17.72
"00:50:34",17.74
"00:50:35",17.54
"00:50:36",17.58
"00:50:37",17.67
"00:50:38",17.8
"00:50:38",17.72
"00:50:39",17.66
"00:50:40",17.67
"00:50:41",17.66
"00:50:42",17.71
"00:50:43",17.6
"00:50:43",17.69
"00:50:44",17.7
"00:50:45",17.5
"00:50:46",17.71
"00:50:47",17.65
"00:50:48",17.66
"00:50:48",17.64
"00:50:49",17.57
"00:50:50",17.48
"00:50:51",17.71
"00:50:52",17.57
"00:50:52",17.7
"00:50:53",17.72
"00:50:54",17.71
"00:50:55",17.63
"00:50:56",17.71
"00:50:57",17.7
"00:50:57",17.83
"00:50:58",17.84
"00:50:59",17.71
"00:51:00",17.65
"00:51:01",17.68
"00:51:02",17.68
"00:51:02",17.67
"00:51:03",17.61
"00:51:04",17.62
"00:51:05",17.32
"00:51:06",17.49
"00:51:07",17.54
"00:51:07",17.56
"00:51:08",17.59
"00:51:09",17.46
"00:51:10",17.59
"00:51:11",17.52
"00:51:12",17.59
"00:51:12",17.48
"00:51:13",17.52
"00:51:14",17.54
"00:51:15",17.58
"00:51:16",17.44
"00:51:17",17.45
"00:51:17",17.6
"00:51:18",17.46
"00:51:19",17.39
"00:51:20",17.47
"00:51:21",17.54
"00:51:21",17.56
"00:51:22",17.57
"00:51:23",17.48
"00:51:24",17.44
"00:51:25",17.38
"00:51:26",17.52
"00:51:26",17.49
"00:51:27",17.39
"00:51:28",17.33
"00:51:29",17.43
"00:51:30",17.46
"00:51:31",17.43
"00:51:31",17.41
"00:51:32",17.38
"00:51:33",17.52
"00:51:34",17.46
"00:51:35",17.43
"00:51:36",17.67
"00:51:36",17.35
"00:51:37",17.4
"00:51:38",17.34
"00:51:39",17.53
"00:51:40",17.45
"00:51:41",17.4
"00:51:41",17.61
"00:51:42",17.51
"00:51:43",17.44
"00:51:44",17.33
"00:51:45",17.56
"00:51:45",17.32
"00:51:46",17.4
"00:51:47",17.33
"00:51:48",17.28
"00:51:49",17.38
"00:51:50",17.3
"00:51:50",17.43
"00:51:51",17.24
"00:51:52",17.4
"00:51:53",17.35
"00:51:54",17.33
"00:51:55",17.46
"00:51:55",17.39
"00:51:56",17.39
"00:51:57",17.46
"00:51:58",17.39
"00:51:59",17.35
"00:52:00",17.36
"00:52:00",17.41
"00:52:01",17.42
"00:52:02",17.26
"00:52:03",17.4
"00:52:04",17.51
"00:52:05",17.41
"00:52:05",17.32
"00:52:06",17.36
"00:52:07",17.36
"00:52:08",17.21
"00:52:09",17.29
"00:52:10",17.2
"00:52:10",17.25
"00:52:11",17.42
"00:52:12",17.23
"00:52:13",17.07
"00:52:14",17.16
"00:52:14",17.24
"00:52:15",17.23
"00:52:16",17.27
"00:52:17",17.3
"00:52:18",17.17
"00:52:19",17.19
"00:52:19",17.3
"00:52:20",17.18
"00:52:21",17.21
"00:52:22",17.05
"00:52:23",17.17
"00:52:24",17.08
"00:52:24",17.24
"00:52:25",17.28
"00:52:26",17.22
"00:52:27",17.36
"00:52:28",17.16
"00:52:29",17.18
"00:52:29",17.01
"00:52:30",17.22
"00:52:31",17.16
"00:52:32",17.23
"00:52:33",17.2
"00:52:34",17.18
"00:52:34",17.29
"00:52:35",17.04
"00:52:36",17.12
"00:52:37",17.14
"00:52:38",17.19
"00:52:38",17.09
"00:52:39",17.1
"00:52:40",17.11
"00:52:41",17.26
"00:52:42",17.36
"00:52:43",17.21
"00:52:43",17.28
"00:52:44",17.4
"00:52:45",17.29
"00:52:46",17.35
"00:52:47",17.27
"00:52:48",17.28
"00:52:48",17.2
"00:52:49",17.22
"00:52:50",17.16
"00:52:51",17.2
"00:52:52",17.07
"00:52:53",17.05
"00:52:53",17.08
"00:52:54",17.19
"00:52:55",17.12
"00:52:56",17.19
"00:52:57",17.19
"00:52:58",17.16
"00:52:58",17.05
"00:52:59",17.31
"00:53:00",17.07
"00:53:01",17.23
"00:53:02",17.08
"00:53:03",17.09
"00:53:03",17.04
"00:53:04",17.01
"00:53:05",16.96
"00:53:06",16.95
"00:53:07",17.14
"00:53:07",16.99
"00:53:08",17.01
"00:53:09",17.06
"00:53:10",17.04
"00:53:11",17.18
"00:53:12",17.07
"00:53:12",16.93
"00:53:13",16.78
"00:53:14",16.91
"00:53:15",16.9
"00:53:16",17.04
"00:53:17",16.87
"00:53:17",17
"00:53:18",17.03
"00:53:19",16.92
"00:53:20",16.89
"00:53:21",16.9
"00:53:22",16.87
"00:53:22",16.89
"00:53:23",16.93
"00:53:24",16.77
"00:53:25",16.72
"00:53:26",16.61
"00:53:27",16.82
"00:53:27",16.72
"00:53:28",16.69
"00:53:29",16.67
"00:53:30",16.77
"00:53:31",16.88
"00:53:32",16.94
"00:53:32",16.68
"00:53:33",16.84
"00:53:34",16.74
"00:53:35",16.6
"00:53:36",16.81
"00:53:36",16.74
"00:53:37",16.85
"00:53:38",16.74
"00:53:39",16.82
"00:53:40",16.83
"00:53:41",16.63
"00:53:41",16.83
"00:53:42",16.67
"00:53:43",16.61
"00:53:44",16.58
"00:53:45",16.61
"00:53:46",16.82
"00:53:46",16.9
"00:53:47",16.81
"00:53:48",16.93
"00:53:49",16.88
"00:53:50",16.87
"00:53:51",16.97
"00:53:51",16.91
"00:53:52",16.91
"00:53:53",16.82
"00:53:54",16.79
"00:53:55",16.97
"00:53:56",16.81
"00:53:56",16.75
"00:53:57",16.64
"00:53:58",16.91
"00:53:59",16.8
"00:54:00",16.75
"00:54:00",16.77
"00:54:01",16.73
"00:54:02",16.81
"00:54:03",16.63
"00:54:04",16.66
"00:54:05",16.65
"00:54:05",16.72
"00:54:06",16.72
"00:54:07",16.65
"00:54:08",16.63
"00:54:09",16.72
"00:54:10",16.73
"00:54:10",16.72
"00:54:11",16.69
"00:54:12",16.81
"00:54:13",16.77
"00:54:14",16.58
"00:54:15",16.68
"00:54:15",16.64
"00:54:16",16.59
"00:54:17",16.78
"00:54:18",16.68
"00:54:19",16.79
"00:54:20",16.61
"00:54:20",16.74
"00:54:21",16.67
"00:54:22",16.42
"00:54:23",16.69
"00:54:24",16.76
"00:54:25",16.64
"00:54:25",16.67
"00:54:26",16.67
"00:54:27",16.64
"00:54:28",16.63
"00:54:29",16.56
"00:54:29",16.41
"00:54:30",16.67
"00:54:31",16.55
"00:54:32",16.74
"00:54:33",16.64
"00:54:34",16.67
"00:54:34",16.6
"00:54:35",16.44
"00:54:36",16.54
"00:54:37",16.61
"00:54:38",16.54
"00:54:39",16.79
"00:54:39",16.47
"00:54:40",16.57
"00:54:41",16.55
"00:54:42",16.4
"00:54:43",16.6
"00:54:44",16.68
"00:54:44",16.52
"00:54:45",16.55
"00:54:46",16.39
"00:54:47",16.56
"00:54:48",16.44
"00:54:49",16.52
"00:54:49",16.42
"00:54:50",16.51
"00:54:51",16.48
"00:54:52",16.58
"00:54:53",16.48
"00:54:53",16.52
"00:54:54",16.44
"00:54:55",16.35
"00:54:56",16.46
"00:54:57",16.44
"00:54:58",16.49
"00:54:58",16.47
"00:54:59",16.47
"00:55:00",16.48
"00:55:01",16.38
"00:55:02",16.53
"00:55:03",16.49
"00:55:03",16.46
"00:55:04",16.58
"00:55:05",16.49
"00:55:06",16.59
"00:55:07",16.48
"00:55:08",16.68
"00:55:08",16.52
"00:55:09",16.52
"00:55:10",16.6
"00:55:11",16.68
"00:55:12",16.52
"00:55:13",16.43
"00:55:13",16.66
"00:55:14",16.46
"00:55:15",16.41
"00:55:16",16.48
"00:55:17",16.51
"00:55:18",16.4
"00:55:18",16.68
"00:55:19",16.59
"00:55:20",16.53
"00:55:21",16.42
"00:55:22",16.42
"00:55:22",16.59
"00:55:23",16.36
"00:55:24",16.35
"00:55:25",16.44
"00:55:26",16.41
"00:55:27",16.49
"00:55:27",16.35
"00:55:28",16.54
"00:55:29",16.49
"00:55:30",16.38
"00:55:31",16.47
"00:55:32",16.57
"00:55:32",16.47
"00:55:33",16.34
"00:55:34",16.55
"00:55:35",16.38
"00:55:36",16.45
"00:55:37",16.46
"00:55:37",16.36
"00:55:38",16.56
"00:55:39",16.56
"00:55:40",16.22
"00:55:41",16.32
"00:55:42",16.34
"00:55:42",16.31
"00:55:43",16.48
"00:55:44",16.48
"00:55:45",16.29
"00:55:46",16.31
"00:55:47",16.34
"00:55:47",16.2
"00:55:48",16.54
"00:55:49",16.35
"00:55:50",16.43
"00:55:51",16.34
"00:55:51",16.33
"00:55:52",16.33
"00:55:53",16.32
"00:55:54",16.25
"00:55:55",16.34
"00:55:56",16.28
"00:55:56",16.27
"00:55:57",16.48
"00:55:58",16.27
"00:55:59",16.34
"00:56:00",16.48
"00:56:01",16.42
"00:56:01",16.45
"00:56:02",16.3
"00:56:03",16.31
"00:56:04",16.29
"00:56:05",16.28
"00:56:06",16.17
"00:56:06",16.14
"00:56:07",16.23
"00:56:08",16.36
"00:56:09",16.37
"00:56:10",16.24
"00:56:11",16.29
"00:56:11",16.28
"00:56:12",16.27
"00:56:13",16.38
"00:56:14",16.47
"00:56:15",16.34
"00:56:15",16.33
"00:56:16",16.39
"00:56:17",16.42
"00:56:18",16.51
"00:56:19",16.13
"00:56:20",16.35
"00:56:20",16.31
"00:56:21",16.33
"00:56:22",16.35
"00:56:23",16.49
"00:56:24",16.22
"00:56:25",16.28
"00:56:25",16.37
"00:56:26",16.47
"00:56:27",16.44
"00:56:28",16.4
"00:56:29",16.43
"00:56:30",16.48
"00:56:30",16.38
"00:56:31",16.6
"00:56:32",16.5
"00:56:33",16.34
"00:56:34",16.39
"00:56:35",16.39
"00:56:35",16.44
"00:56:36",16.41
"00:56:37",16.45
"00:56:38",16.55
"00:56:39",16.36
"00:56:40",16.44
"00:56:40",16.47
"00:56:41",16.49
"00:56:42",16.61
"00:56:43",16.42
"00:56:44",16.48
"00:56:44",16.34
"00:56:45",16.4
"00:56:46",16.39
"00:56:47",16.41
"00:56:48",16.34
"00:56:49",16.27
"00:56:49",16.6
"00:56:50",16.39
"00:56:51",16.52
"00:56:52",16.31
"00:56:53",16.28
"00:56:54",16.44
"00:56:54",16.46
"00:56:55",16.4
"00:56:56",16.41
"00:56:57",16.54
"00:56:58",16.35
"00:56:59",16.46
"00:56:59",16.3
"00:57:00",16.37
"00:57:01",16.22
"00:57:02",16.46
"00:57:03",16.25
"00:57:04",16.35
"00:57:04",16.38
"00:57:05",16.23
"00:57:06",16.3
"00:57:07",16.32
"00:57:08",16.36
"00:57:08",16.45
"00:57:09",16.51
"00:57:10",16.38
"00:57:11",16.42
"00:57:12",16.44
"00:57:13",16.3
"00:57:13",16.34
"00:57:14",16.43
"00:57:15",16.44
"00:57:16",16.39
"00:57:17",16.53
"00:57:18",16.52
"00:57:18",16.56
"00:57:19",16.58
"00:57:20",16.35
"00:57:21",16.34
"00:57:22",16.57
"00:57:23",16.5
"00:57:23",16.53
"00:57:24",16.45
"00:57:25",16.47
"00:57:26",16.55
"00:57:27",16.45
"00:57:28",16.4
"00:57:28",16.52
"00:57:29",16.55
"00:57:30",16.36
"00:57:31",16.4
"00:57:32",16.4
"00:57:33",16.35
"00:57:33",16.53
"00:57:34",16.3
"00:57:35",16.33
"00:57:36",16.46
"00:57:37",16.4
"00:57:37",16.47
"00:57:38",16.3
"00:57:39",16.33
"00:57:40",16.31
"00:57:41",16.54
"00:57:42",16.38
"00:57:42",16.34
"00:57:43",16.26
"00:57:44",16.56
"00:57:45",16.39
"00:57:46",16.29
"00:57:47",16.23
"00:57:47",16.22
"00:57:48",16.22
"00:57:49",16.22
"00:57:50",16.09
"00:57:51",16.2
"00:57:52",16.46
"00:57:52",16.37
"00:57:53",16.32
"00:57:54",16.26
"00:57:55",16.26
"00:57:56",16.32
"00:57:57",16.03
"00:57:57",16.31
"00:57:58",16.29
"00:57:59",16.31
"00:58:00",16.28
"00:58:01",16.21
"00:58:01",16.31
"00:58:02",16.26
"00:58:03",16.42
"00:58:04",16.32
"00:58:05",16.33
"00:58:06",16.18
"00:58:06",16.1
"00:58:07",16.32
"00:58:08",16.28
"00:58:09",16.16
"00:58:10",16.02
"00:58:11",16.11
"00:58:11",16.25
"00:58:12",16.44
"00:58:13",16.15
"00:58:14",16.26
"00:58:15",16.38
"00:58:16",16.05
"00:58:16",16.14
"00:58:17",16.25
"00:58:18",16.37
"00:58:19",16.02
"00:58:20",16.25
"00:58:21",16.22
"00:58:21",16.19
"00:58:22",16.12
"00:58:23",16.17
"00:58:24",16.16
"00:58:25",16.14
"00:58:26",16.13
"00:58:26",16.29
"00:58:27",16.13
"00:58:28",16.32
"00:58:29",16.34
"00:58:30",16.25
"00:58:30",16.38
"00:58:31",16.21
"00:58:32",16.22
"00:58:33",16.32
"00:58:34",16.3
"00:58:35",16.34
"00:58:35",16.46
"00:58:36",16.46
"00:58:37",16.37
"00:58:38",16.3
"00:58:39",16.2
"00:58:40",16.27
"00:58:40",16.27
"00:58:41",16.39
"00:58:42",16.29
"00:58:43",16.37
"00:58:44",16.39
"00:58:45",16.55
"00:58:45",16.44
"00:58:46",16.37
"00:58:47",16.57
"00:58:48",16.51
"00:58:49",16.37
"00:58:50",16.23
"00:58:50",16.37
"00:58:51",16.5
"00:58:52",16.31
"00:58:53",16.42
"00:58:54",16.29
"00:58:54",16.25
"00:58:55",16.24
"00:58:56",16.46
"00:58:57",16.29
"00:58:58",16.34
"00:58:59",16.37
"00:58:59",16.32
"00:59:00",16.36
"00:59:01",16.51
"00:59:02",16.36
"00:59:03",16.47
"00:59:04",16.37
"00:59:04",16.33
"00:59:05",16.48
"00:59:06",16.43
"00:59:07",16.42
"00:59:08",16.48
"00:59:09",16.26
"00:59:09",16.5
"00:59:10",16.4
"00:59:11",16.52
"00:59:12",16.43
"00:59:13",16.43
"00:59:14",16.57
"00:59:14",16.21
"00:59:15",16.37
"00:59:16",16.47
"00:59:17",16.34
"00:59:18",16.25
"00:59:19",16.26
"00:59:19",16.35
"00:59:20",16.51
"00:59:21",16.24
"00:59:22",16.36
"00:59:23",16.53
"00:59:23",16.5
"00:59:24",16.36
"00:59:25",16.62
"00:59:26",16.48
"00:59:27",16.61
"00:59:28",16.53
"00:59:28",16.41
"00:59:29",16.41
"00:59:30",16.38
"00:59:31",16.53
"00:59:32",16.59
"00:59:33",16.36
"00:59:33",16.34
"00:59:34",16.57
"00:59:35",16.35
"00:59:36",16.47
"00:59:37",16.47
"00:59:38",16.54
"00:59:38",16.49
"00:59:39",16.59
"00:59:40",16.41
"00:59:41",16.53
"00:59:42",16.51
"00:59:43",16.45
"00:59:43",16.43
"00:59:44",16.47
"00:59:45",16.48
"00:59:46",16.25
"00:59:47",16.56
"00:59:48",16.5
"00:59:48",16.42
"00:59:49",16.38
"00:59:50",16.47
"00:59:51",16.42
"00:59:52",16.55
"00:59:52",16.48
"00:59:53",16.5
"00:59:54",16.45
"00:59:55",16.43
"00:59:56",16.51
"00:59:57",16.5
"00:59:57",16.34
"00:59:58",16.33
"00:59:59",16.38
"01:00:00",16.48
